arc_id,origin_id,origin_type,origin_name,destination_id,destination_type,destination_name,proxy_km,osrm_km,osrm_duration_min,route_profile,osrm_query_date,proxy_quality_flag,osrm_quality_flag
A0001,GD01,source,广州,C01,collection,广州虚拟回收/检测中心,0.0,0.0,0.0,OSRM driving/car,2026-08-15,D-road proxy; B-coordinates,C-开放路网计算；不是货车/危运合规路线
A0002,GD01,source,广州,C02,collection,深圳虚拟回收/检测中心,125.09932920710673,141.4812,94.66833333333334,OSRM driving/car,2026-08-15,D-road proxy; B-coordinates,C-开放路网计算；不是货车/危运合规路线
A0003,GD01,source,广州,C03,collection,珠海虚拟回收/检测中心,120.43690722365889,127.8165,94.055,OSRM driving/car,2026-08-15,D-road proxy; B-coordinates,C-开放路网计算；不是货车/危运合规路线
A0004,GD01,source,广州,C04,collection,汕头虚拟回收/检测中心,420.22799394481007,414.9252,289.405,OSRM driving/car,2026-08-15,D-road proxy; B-coordinates,C-开放路网计算；不是货车/危运合规路线
A0005,GD01,source,广州,C05,collection,佛山虚拟回收/检测中心,22.448811015599897,25.4265,23.546666666666667,OSRM driving/car,2026-08-15,D-road proxy; B-coordinates,C-开放路网计算；不是货车/危运合规路线
A0006,GD01,source,广州,C06,collection,韶关虚拟回收/检测中心,237.03724939624288,232.97320000000002,167.92833333333334,OSRM driving/car,2026-08-15,D-road proxy; B-coordinates,C-开放路网计算；不是货车/危运合规路线
A0007,GD01,source,广州,C07,collection,河源虚拟回收/检测中心,255.35449854690705,275.0163,213.30166666666668,OSRM driving/car,2026-08-15,D-road proxy; B-coordinates,C-开放路网计算；不是货车/危运合规路线
A0008,GD01,source,广州,C08,collection,梅州虚拟回收/检测中心,382.1027064948506,383.8924,269.1616666666667,OSRM driving/car,2026-08-15,D-road proxy; B-coordinates,C-开放路网计算；不是货车/危运合规路线
A0009,GD01,source,广州,C09,collection,惠州虚拟回收/检测中心,141.59962050860264,138.7404,98.4,OSRM driving/car,2026-08-15,D-road proxy; B-coordinates,C-开放路网计算；不是货车/危运合规路线
A0010,GD01,source,广州,C10,collection,汕尾虚拟回收/检测中心,276.7760629013141,274.5215,207.79166666666666,OSRM driving/car,2026-08-15,D-road proxy; B-coordinates,C-开放路网计算；不是货车/危运合规路线
A0011,GD01,source,广州,C11,collection,东莞虚拟回收/检测中心,61.48835744881942,63.2176,48.34666666666667,OSRM driving/car,2026-08-15,D-road proxy; B-coordinates,C-开放路网计算；不是货车/危运合规路线
A0012,GD01,source,广州,C12,collection,中山虚拟回收/检测中心,82.79613442153406,85.1917,63.93,OSRM driving/car,2026-08-15,D-road proxy; B-coordinates,C-开放路网计算；不是货车/危运合规路线
A0013,GD01,source,广州,C13,collection,江门虚拟回收/检测中心,76.3956958586808,81.83030000000001,64.17833333333333,OSRM driving/car,2026-08-15,D-road proxy; B-coordinates,C-开放路网计算；不是货车/危运合规路线
A0014,GD01,source,广州,C14,collection,阳江虚拟回收/检测中心,228.13253822875888,251.0879,169.08333333333334,OSRM driving/car,2026-08-15,D-road proxy; B-coordinates,C-开放路网计算；不是货车/危运合规路线
A0015,GD01,source,广州,C15,collection,湛江虚拟回收/检测中心,435.86375186529995,415.4794,278.76500000000004,OSRM driving/car,2026-08-15,D-road proxy; B-coordinates,C-开放路网计算；不是货车/危运合规路线
A0016,GD01,source,广州,C16,collection,茂名虚拟回收/检测中心,348.28546413377285,334.73,227.67999999999998,OSRM driving/car,2026-08-15,D-road proxy; B-coordinates,C-开放路网计算；不是货车/危运合规路线
A0017,GD01,source,广州,C17,collection,肇庆虚拟回收/检测中心,98.58397364775895,97.76219999999999,78.89666666666668,OSRM driving/car,2026-08-15,D-road proxy; B-coordinates,C-开放路网计算；不是货车/危运合规路线
A0018,GD01,source,广州,C18,collection,清远虚拟回收/检测中心,78.25907590976536,78.0213,59.126666666666665,OSRM driving/car,2026-08-15,D-road proxy; B-coordinates,C-开放路网计算；不是货车/危运合规路线
A0019,GD01,source,广州,C19,collection,潮州虚拟回收/检测中心,417.6343351726079,409.614,281.7916666666667,OSRM driving/car,2026-08-15,D-road proxy; B-coordinates,C-开放路网计算；不是货车/危运合规路线
A0020,GD01,source,广州,C20,collection,揭阳虚拟回收/检测中心,385.08202812819275,376.69829999999996,263.77000000000004,OSRM driving/car,2026-08-15,D-road proxy; B-coordinates,C-开放路网计算；不是货车/危运合规路线
A0021,GD01,source,广州,C21,collection,云浮虚拟回收/检测中心,181.95921019073626,184.6334,133.07333333333332,OSRM driving/car,2026-08-15,D-road proxy; B-coordinates,C-开放路网计算；不是货车/危运合规路线
A0022,GD02,source,深圳,C01,collection,广州虚拟回收/检测中心,125.09932920710673,135.1178,93.51,OSRM driving/car,2026-08-15,D-road proxy; B-coordinates,C-开放路网计算；不是货车/危运合规路线
A0023,GD02,source,深圳,C02,collection,深圳虚拟回收/检测中心,0.0,0.0,0.0,OSRM driving/car,2026-08-15,D-road proxy; B-coordinates,C-开放路网计算；不是货车/危运合规路线
A0024,GD02,source,深圳,C03,collection,珠海虚拟回收/检测中心,69.62293789389439,102.4739,87.705,OSRM driving/car,2026-08-15,D-road proxy; B-coordinates,C-开放路网计算；不是货车/危运合规路线
A0025,GD02,source,深圳,C04,collection,汕头虚拟回收/检测中心,340.00628858069996,331.2585,229.19833333333332,OSRM driving/car,2026-08-15,D-road proxy; B-coordinates,C-开放路网计算；不是货车/危运合规路线
A0026,GD02,source,深圳,C05,collection,佛山虚拟回收/检测中心,132.00168158093638,132.89079999999998,100.74833333333332,OSRM driving/car,2026-08-15,D-road proxy; B-coordinates,C-开放路网计算；不是货车/危运合规路线
A0027,GD02,source,深圳,C06,collection,韶关虚拟回收/检测中心,306.47442199910176,337.2787,235.21666666666667,OSRM driving/car,2026-08-15,D-road proxy; B-coordinates,C-开放路网计算；不是货车/危运合规路线
A0028,GD02,source,深圳,C07,collection,河源虚拟回收/检测中心,241.38401680373065,251.40970000000002,196.81666666666666,OSRM driving/car,2026-08-15,D-road proxy; B-coordinates,C-开放路网计算；不是货车/危运合规路线
A0029,GD02,source,深圳,C08,collection,梅州虚拟回收/检测中心,343.699494537765,344.454,250.01666666666668,OSRM driving/car,2026-08-15,D-road proxy; B-coordinates,C-开放路网计算；不是货车/危运合规路线
A0030,GD02,source,深圳,C09,collection,惠州虚拟回收/检测中心,87.65338268455065,88.19930000000001,71.375,OSRM driving/car,2026-08-15,D-road proxy; B-coordinates,C-开放路网计算；不是货车/危运合规路线
A0031,GD02,source,深圳,C10,collection,汕尾虚拟回收/检测中心,189.62625214547197,186.97289999999998,148.00833333333333,OSRM driving/car,2026-08-15,D-road proxy; B-coordinates,C-开放路网计算；不是货车/危运合规路线
A0032,GD02,source,深圳,C11,collection,东莞虚拟回收/检测中心,73.7874966555125,74.1049,55.56333333333334,OSRM driving/car,2026-08-15,D-road proxy; B-coordinates,C-开放路网计算；不是货车/危运合规路线
A0033,GD02,source,深圳,C12,collection,中山虚拟回收/检测中心,82.31192214368541,86.1462,68.85333333333332,OSRM driving/car,2026-08-15,D-road proxy; B-coordinates,C-开放路网计算；不是货车/危运合规路线
A0034,GD02,source,深圳,C13,collection,江门虚拟回收/检测中心,120.66466151382667,120.5209,93.03999999999999,OSRM driving/car,2026-08-15,D-road proxy; B-coordinates,C-开放路网计算；不是货车/危运合规路线
A0035,GD02,source,深圳,C14,collection,阳江虚拟回收/检测中心,286.6932251227238,293.0269,207.39166666666668,OSRM driving/car,2026-08-15,D-road proxy; B-coordinates,C-开放路网计算；不是货车/危运合规路线
A0036,GD02,source,深圳,C15,collection,湛江虚拟回收/检测中心,488.3737657884904,464.8096,317.76500000000004,OSRM driving/car,2026-08-15,D-road proxy; B-coordinates,C-开放路网计算；不是货车/危运合规路线
A0037,GD02,source,深圳,C16,collection,茂名虚拟回收/检测中心,404.74229830480357,384.0603,266.68,OSRM driving/car,2026-08-15,D-road proxy; B-coordinates,C-开放路网计算；不是货车/危运合规路线
A0038,GD02,source,深圳,C17,collection,肇庆虚拟回收/检测中心,207.3785732131572,216.95839999999998,159.94,OSRM driving/car,2026-08-15,D-road proxy; B-coordinates,C-开放路网计算；不是货车/危运合规路线
A0039,GD02,source,深圳,C18,collection,清远虚拟回收/检测中心,195.61734579697602,200.8077,143.95166666666668,OSRM driving/car,2026-08-15,D-road proxy; B-coordinates,C-开放路网计算；不是货车/危运合规路线
A0040,GD02,source,深圳,C19,collection,潮州虚拟回收/检测中心,348.1177194815358,338.5757,236.155,OSRM driving/car,2026-08-15,D-road proxy; B-coordinates,C-开放路网计算；不是货车/危运合规路线
A0041,GD02,source,深圳,C20,collection,揭阳虚拟回收/检测中心,314.31523480563175,305.6601,218.13333333333333,OSRM driving/car,2026-08-15,D-road proxy; B-coordinates,C-开放路网计算；不是货车/危运合规路线
A0042,GD02,source,深圳,C21,collection,云浮虚拟回收/检测中心,279.6377737499675,285.43109999999996,207.16833333333335,OSRM driving/car,2026-08-15,D-road proxy; B-coordinates,C-开放路网计算；不是货车/危运合规路线
A0043,GD03,source,珠海,C01,collection,广州虚拟回收/检测中心,120.43690722365889,126.5484,90.98333333333333,OSRM driving/car,2026-08-15,D-road proxy; B-coordinates,C-开放路网计算；不是货车/危运合规路线
A0044,GD03,source,珠海,C02,collection,深圳虚拟回收/检测中心,69.62293789389439,102.1378,86.355,OSRM driving/car,2026-08-15,D-road proxy; B-coordinates,C-开放路网计算；不是货车/危运合规路线
A0045,GD03,source,珠海,C03,collection,珠海虚拟回收/检测中心,0.0,0.0,0.0,OSRM driving/car,2026-08-15,D-road proxy; B-coordinates,C-开放路网计算；不是货车/危运合规路线
A0046,GD03,source,珠海,C04,collection,汕头虚拟回收/检测中心,408.34484310771325,427.5025,308.2566666666667,OSRM driving/car,2026-08-15,D-road proxy; B-coordinates,C-开放路网计算；不是货车/危运合规路线
A0047,GD03,source,珠海,C05,collection,佛山虚拟回收/检测中心,114.79211666369928,120.55080000000001,88.81,OSRM driving/car,2026-08-15,D-road proxy; B-coordinates,C-开放路网计算；不是货车/危运合规路线
A0048,GD03,source,珠海,C06,collection,韶关虚拟回收/检测中心,342.51517338462924,356.7178,249.975,OSRM driving/car,2026-08-15,D-road proxy; B-coordinates,C-开放路网计算；不是货车/危运合规路线
A0049,GD03,source,珠海,C07,collection,河源虚拟回收/检测中心,304.43065388171823,348.4738,262.0133333333333,OSRM driving/car,2026-08-15,D-road proxy; B-coordinates,C-开放路网计算；不是货车/危运合规路线
A0050,GD03,source,珠海,C08,collection,梅州虚拟回收/检测中心,412.0677892611643,457.3498,317.87333333333333,OSRM driving/car,2026-08-15,D-road proxy; B-coordinates,C-开放路网计算；不是货车/危运合规路线
A0051,GD03,source,珠海,C09,collection,惠州虚拟回收/检测中心,152.4261811714796,189.6078,139.17333333333332,OSRM driving/car,2026-08-15,D-road proxy; B-coordinates,C-开放路网计算；不是货车/危运合规路线
A0052,GD03,source,珠海,C10,collection,汕尾虚拟回收/检测中心,258.19268317474746,283.2169,227.06666666666666,OSRM driving/car,2026-08-15,D-road proxy; B-coordinates,C-开放路网计算；不是货车/危运合规路线
A0053,GD03,source,珠海,C11,collection,东莞虚拟回收/检测中心,101.6188477233397,124.11760000000001,95.23666666666666,OSRM driving/car,2026-08-15,D-road proxy; B-coordinates,C-开放路网计算；不是货车/危运合规路线
A0054,GD03,source,珠海,C12,collection,中山虚拟回收/检测中心,39.969720769320794,43.255,41.19833333333334,OSRM driving/car,2026-08-15,D-road proxy; B-coordinates,C-开放路网计算；不是货车/危运合规路线
A0055,GD03,source,珠海,C13,collection,江门虚拟回收/检测中心,73.6969883389518,81.7238,63.93833333333334,OSRM driving/car,2026-08-15,D-road proxy; B-coordinates,C-开放路网计算；不是货车/危运合规路线
A0056,GD03,source,珠海,C14,collection,阳江虚拟回收/检测中心,222.31046381687938,242.6795,168.225,OSRM driving/car,2026-08-15,D-road proxy; B-coordinates,C-开放路网计算；不是货车/危运合规路线
A0057,GD03,source,珠海,C15,collection,湛江虚拟回收/检测中心,420.3939061655412,407.07090000000005,277.9066666666667,OSRM driving/car,2026-08-15,D-road proxy; B-coordinates,C-开放路网计算；不是货车/危运合规路线
A0058,GD03,source,珠海,C16,collection,茂名虚拟回收/检测中心,337.94547424500036,326.3216,226.82166666666666,OSRM driving/car,2026-08-15,D-road proxy; B-coordinates,C-开放路网计算；不是货车/危运合规路线
A0059,GD03,source,珠海,C17,collection,肇庆虚拟回收/检测中心,171.67709725824648,183.1347,135.76166666666666,OSRM driving/car,2026-08-15,D-road proxy; B-coordinates,C-开放路网计算；不是货车/危运合规路线
A0060,GD03,source,珠海,C18,collection,清远虚拟回收/检测中心,198.69550482506634,200.6153,145.05333333333334,OSRM driving/car,2026-08-15,D-road proxy; B-coordinates,C-开放路网计算；不是货车/危运合规路线
A0061,GD03,source,珠海,C19,collection,潮州虚拟回收/检测中心,417.4782471021128,456.11629999999997,310.40999999999997,OSRM driving/car,2026-08-15,D-road proxy; B-coordinates,C-开放路网计算；不是货车/危运合规路线
A0062,GD03,source,珠海,C20,collection,揭阳虚拟回收/检测中心,383.6871953974436,423.20059999999995,292.3883333333333,OSRM driving/car,2026-08-15,D-road proxy; B-coordinates,C-开放路网计算；不是货车/危运合规路线
A0063,GD03,source,珠海,C21,collection,云浮虚拟回收/检测中心,230.79716660051145,246.7611,178.23666666666668,OSRM driving/car,2026-08-15,D-road proxy; B-coordinates,C-开放路网计算；不是货车/危运合规路线
A0064,GD04,source,汕头,C01,collection,广州虚拟回收/检测中心,420.22799394481007,415.0856,288.615,OSRM driving/car,2026-08-15,D-road proxy; B-coordinates,C-开放路网计算；不是货车/危运合规路线
A0065,GD04,source,汕头,C02,collection,深圳虚拟回收/检测中心,340.00628858069996,332.09520000000003,230.66666666666666,OSRM driving/car,2026-08-15,D-road proxy; B-coordinates,C-开放路网计算；不是货车/危运合规路线
A0066,GD04,source,汕头,C03,collection,珠海虚拟回收/检测中心,408.34484310771325,429.8842,312.43,OSRM driving/car,2026-08-15,D-road proxy; B-coordinates,C-开放路网计算；不是货车/危运合规路线
A0067,GD04,source,汕头,C04,collection,汕头虚拟回收/检测中心,0.0,0.0,0.0,OSRM driving/car,2026-08-15,D-road proxy; B-coordinates,C-开放路网计算；不是货车/危运合规路线
A0068,GD04,source,汕头,C05,collection,佛山虚拟回收/检测中心,439.0782039792669,440.9499,306.9616666666667,OSRM driving/car,2026-08-15,D-road proxy; B-coordinates,C-开放路网计算；不是货车/危运合规路线
A0069,GD04,source,汕头,C06,collection,韶关虚拟回收/检测中心,400.29631081436423,434.0546,322.81666666666666,OSRM driving/car,2026-08-15,D-road proxy; B-coordinates,C-开放路网计算；不是货车/危运合规路线
A0070,GD04,source,汕头,C07,collection,河源虚拟回收/检测中心,221.4376923116871,235.459,186.12166666666664,OSRM driving/car,2026-08-15,D-road proxy; B-coordinates,C-开放路网计算；不是货车/危运合规路线
A0071,GD04,source,汕头,C08,collection,梅州虚拟回收/检测中心,142.3374058165527,155.25039999999998,113.04666666666667,OSRM driving/car,2026-08-15,D-road proxy; B-coordinates,C-开放路网计算；不是货车/危运合规路线
A0072,GD04,source,汕头,C09,collection,惠州虚拟回收/检测中心,279.59950256039025,287.5241,208.64,OSRM driving/car,2026-08-15,D-road proxy; B-coordinates,C-开放路网计算；不是货车/危运合规路线
A0073,GD04,source,汕头,C10,collection,汕尾虚拟回收/检测中心,150.39117711768017,164.7196,132.48166666666665,OSRM driving/car,2026-08-15,D-road proxy; B-coordinates,C-开放路网计算；不是货车/危运合规路线
A0074,GD04,source,汕头,C11,collection,东莞虚拟回收/检测中心,362.4792813676039,363.1892,251.29666666666665,OSRM driving/car,2026-08-15,D-road proxy; B-coordinates,C-开放路网计算；不是货车/危运合规路线
A0075,GD04,source,汕头,C12,collection,中山虚拟回收/检测中心,419.44492112015877,413.5565,293.5783333333333,OSRM driving/car,2026-08-15,D-road proxy; B-coordinates,C-开放路网计算；不是货车/危运合规路线
A0076,GD04,source,汕头,C13,collection,江门虚拟回收/检测中心,454.35854812853415,447.9312,317.76500000000004,OSRM driving/car,2026-08-15,D-road proxy; B-coordinates,C-开放路网计算；不是货车/危运合规路线
A0077,GD04,source,汕头,C14,collection,阳江虚拟回收/检测中心,625.3796721915959,620.4372,432.1166666666667,OSRM driving/car,2026-08-15,D-road proxy; B-coordinates,C-开放路网计算；不是货车/危运合规路线
A0078,GD04,source,汕头,C15,collection,湛江虚拟回收/检测中心,828.3713526049856,792.22,542.49,OSRM driving/car,2026-08-15,D-road proxy; B-coordinates,C-开放路网计算；不是货车/危运合规路线
A0079,GD04,source,汕头,C16,collection,茂名虚拟回收/检测中心,744.5218279389317,711.4706,491.405,OSRM driving/car,2026-08-15,D-road proxy; B-coordinates,C-开放路网计算；不是货车/危运合规路线
A0080,GD04,source,汕头,C17,collection,肇庆虚拟回收/检测中心,518.7961723587362,510.3195,357.37833333333333,OSRM driving/car,2026-08-15,D-road proxy; B-coordinates,C-开放路网计算；不是货车/危运合规路线
A0081,GD04,source,汕头,C18,collection,清远虚拟回收/检测中心,445.8822972488896,427.49379999999996,304.60999999999996,OSRM driving/car,2026-08-15,D-road proxy; B-coordinates,C-开放路网计算；不是货车/危运合规路线
A0082,GD04,source,汕头,C19,collection,潮州虚拟回收/检测中心,40.66307002511119,41.325,40.00666666666667,OSRM driving/car,2026-08-15,D-road proxy; B-coordinates,C-开放路网计算；不是货车/危运合规路线
A0083,GD04,source,汕头,C20,collection,揭阳虚拟回收/检测中心,46.098821191901905,46.2723,36.885,OSRM driving/car,2026-08-15,D-road proxy; B-coordinates,C-开放路网计算；不是货车/危运合规路线
A0084,GD04,source,汕头,C21,collection,云浮虚拟回收/检测中心,601.3705692723286,597.1908000000001,411.555,OSRM driving/car,2026-08-15,D-road proxy; B-coordinates,C-开放路网计算；不是货车/危运合规路线
A0085,GD05,source,佛山,C01,collection,广州虚拟回收/检测中心,22.448811015599897,24.544700000000002,21.89333333333333,OSRM driving/car,2026-08-15,D-road proxy; B-coordinates,C-开放路网计算；不是货车/危运合规路线
A0086,GD05,source,佛山,C02,collection,深圳虚拟回收/检测中心,132.00168158093638,142.9087,101.89,OSRM driving/car,2026-08-15,D-road proxy; B-coordinates,C-开放路网计算；不是货车/危运合规路线
A0087,GD05,source,佛山,C03,collection,珠海虚拟回收/检测中心,114.79211666369928,120.1601,90.02,OSRM driving/car,2026-08-15,D-road proxy; B-coordinates,C-开放路网计算；不是货车/危运合规路线
A0088,GD05,source,佛山,C04,collection,汕头虚拟回收/检测中心,439.0782039792669,439.7362,305.28499999999997,OSRM driving/car,2026-08-15,D-road proxy; B-coordinates,C-开放路网计算；不是货车/危运合规路线
A0089,GD05,source,佛山,C05,collection,佛山虚拟回收/检测中心,0.0,0.0,0.0,OSRM driving/car,2026-08-15,D-road proxy; B-coordinates,C-开放路网计算；不是货车/危运合规路线
A0090,GD05,source,佛山,C06,collection,韶关虚拟回收/检测中心,255.76122145140755,255.2269,186.15666666666667,OSRM driving/car,2026-08-15,D-road proxy; B-coordinates,C-开放路网计算；不是货车/危运合规路线
A0091,GD05,source,佛山,C07,collection,河源虚拟回收/检测中心,277.62076243937133,290.6221,232.76333333333332,OSRM driving/car,2026-08-15,D-road proxy; B-coordinates,C-开放路网计算；不是货车/危运合规路线
A0092,GD05,source,佛山,C08,collection,梅州虚拟回收/检测中心,403.9212901773776,399.4982,288.62333333333333,OSRM driving/car,2026-08-15,D-road proxy; B-coordinates,C-开放路网计算；不是货车/危运合规路线
A0093,GD05,source,佛山,C09,collection,惠州虚拟回收/检测中心,159.63127925962104,157.8114,117.81333333333333,OSRM driving/car,2026-08-15,D-road proxy; B-coordinates,C-开放路网计算；不是货车/危运合规路线
A0094,GD05,source,佛山,C10,collection,汕尾虚拟回收/检测中心,294.0126610717624,289.87640000000005,219.34666666666666,OSRM driving/car,2026-08-15,D-road proxy; B-coordinates,C-开放路网计算；不是货车/危运合规路线
A0095,GD05,source,佛山,C11,collection,东莞虚拟回收/检测中心,77.28343572424338,81.8258,64.91,OSRM driving/car,2026-08-15,D-road proxy; B-coordinates,C-开放路网计算；不是货车/危运合规路线
A0096,GD05,source,佛山,C12,collection,中山虚拟回收/检测中心,75.10964913262345,78.16260000000001,59.61333333333334,OSRM driving/car,2026-08-15,D-road proxy; B-coordinates,C-开放路网计算；不是货车/危运合规路线
A0097,GD05,source,佛山,C13,collection,江门虚拟回收/检测中心,59.22325916789457,66.31339999999999,52.69833333333334,OSRM driving/car,2026-08-15,D-road proxy; B-coordinates,C-开放路网计算；不是货车/危运合规路线
A0098,GD05,source,佛山,C14,collection,阳江虚拟回收/检测中心,205.69397617582445,219.49929999999998,152.47166666666666,OSRM driving/car,2026-08-15,D-road proxy; B-coordinates,C-开放路网计算；不是货车/危运合规路线
A0099,GD05,source,佛山,C15,collection,湛江虚拟回收/检测中心,413.4873083569706,396.0123,265.175,OSRM driving/car,2026-08-15,D-road proxy; B-coordinates,C-开放路网计算；不是货车/危运合规路线
A0100,GD05,source,佛山,C16,collection,茂名虚拟回收/检测中心,325.92386177012366,315.263,214.09,OSRM driving/car,2026-08-15,D-road proxy; B-coordinates,C-开放路网计算；不是货车/危运合规路线
A0101,GD05,source,佛山,C17,collection,肇庆虚拟回收/检测中心,80.57782241114403,85.2239,70.57333333333332,OSRM driving/car,2026-08-15,D-road proxy; B-coordinates,C-开放路网计算；不是货车/危运合规路线
A0102,GD05,source,佛山,C18,collection,清远虚拟回收/检测中心,88.3391479847887,94.4498,73.91333333333334,OSRM driving/car,2026-08-15,D-road proxy; B-coordinates,C-开放路网计算；不是货车/危运合规路线
A0103,GD05,source,佛山,C19,collection,潮州虚拟回收/检测中心,437.5544631248995,434.42490000000004,297.6716666666667,OSRM driving/car,2026-08-15,D-road proxy; B-coordinates,C-开放路网计算；不是货车/危运合规路线
A0104,GD05,source,佛山,C20,collection,揭阳虚拟回收/检测中心,404.77843839887186,401.5093,279.65,OSRM driving/car,2026-08-15,D-road proxy; B-coordinates,C-开放路网计算；不是货车/危运合规路线
A0105,GD05,source,佛山,C21,collection,云浮虚拟回收/检测中心,162.32048508893257,172.0952,124.75,OSRM driving/car,2026-08-15,D-road proxy; B-coordinates,C-开放路网计算；不是货车/危运合规路线
A0106,GD06,source,韶关,C01,collection,广州虚拟回收/检测中心,237.03724939624288,236.2303,169.85,OSRM driving/car,2026-08-15,D-road proxy; B-coordinates,C-开放路网计算；不是货车/危运合规路线
A0107,GD06,source,韶关,C02,collection,深圳虚拟回收/检测中心,306.47442199910176,338.1469,236.02833333333334,OSRM driving/car,2026-08-15,D-road proxy; B-coordinates,C-开放路网计算；不是货车/危运合规路线
A0108,GD06,source,韶关,C03,collection,珠海虚拟回收/检测中心,342.51517338462924,357.90540000000004,254.56,OSRM driving/car,2026-08-15,D-road proxy; B-coordinates,C-开放路网计算；不是货车/危运合规路线
A0109,GD06,source,韶关,C04,collection,汕头虚拟回收/检测中心,400.29631081436423,433.9995,324.35,OSRM driving/car,2026-08-15,D-road proxy; B-coordinates,C-开放路网计算；不是货车/危运合规路线
A0110,GD06,source,韶关,C05,collection,佛山虚拟回收/检测中心,255.76122145140755,257.7153,189.54833333333332,OSRM driving/car,2026-08-15,D-road proxy; B-coordinates,C-开放路网计算；不是货车/危运合规路线
A0111,GD06,source,韶关,C06,collection,韶关虚拟回收/检测中心,0.0,0.0,0.0,OSRM driving/car,2026-08-15,D-road proxy; B-coordinates,C-开放路网计算；不是货车/危运合规路线
A0112,GD06,source,韶关,C07,collection,河源虚拟回收/检测中心,179.54353323515195,250.9004,218.32666666666668,OSRM driving/car,2026-08-15,D-road proxy; B-coordinates,C-开放路网计算；不是货车/危运合规路线
A0113,GD06,source,韶关,C08,collection,梅州虚拟回收/检测中心,288.4343025608088,339.5375,259.57166666666666,OSRM driving/car,2026-08-15,D-road proxy; B-coordinates,C-开放路网计算；不是货车/危运合规路线
A0114,GD06,source,韶关,C09,collection,惠州虚拟回收/检测中心,240.57838750981594,272.4595,209.82999999999998,OSRM driving/car,2026-08-15,D-road proxy; B-coordinates,C-开放路网计算；不是货车/危运合规路线
A0115,GD06,source,韶关,C10,collection,汕尾虚拟回收/检测中心,318.73774688823676,398.1455,310.8383333333333,OSRM driving/car,2026-08-15,D-road proxy; B-coordinates,C-开放路网计算；不是货车/危运合规路线
A0116,GD06,source,韶关,C11,collection,东莞虚拟回收/检测中心,242.01314694033505,272.5831,194.70166666666668,OSRM driving/car,2026-08-15,D-road proxy; B-coordinates,C-开放路网计算；不是货车/危运合规路线
A0117,GD06,source,韶关,C12,collection,中山虚拟回收/检测中心,312.80688178629845,324.258,230.72833333333335,OSRM driving/car,2026-08-15,D-road proxy; B-coordinates,C-开放路网计算；不是货车/危运合规路线
A0118,GD06,source,韶关,C13,collection,江门虚拟回收/检测中心,313.42946331342586,314.6585,229.18666666666667,OSRM driving/car,2026-08-15,D-road proxy; B-coordinates,C-开放路网计算；不是货车/危运合规路线
A0119,GD06,source,韶关,C14,collection,阳江虚拟回收/检测中心,441.6558572790621,451.2055,327.32166666666666,OSRM driving/car,2026-08-15,D-road proxy; B-coordinates,C-开放路网计算；不是货车/危运合规路线
A0120,GD06,source,韶关,C15,collection,湛江虚拟回收/检测中心,636.9781427860692,644.8062,440.94166666666666,OSRM driving/car,2026-08-15,D-road proxy; B-coordinates,C-开放路网计算；不是货车/危运合规路线
A0121,GD06,source,韶关,C16,collection,茂名虚拟回收/检测中心,551.5998500712193,564.0568000000001,389.8566666666667,OSRM driving/car,2026-08-15,D-road proxy; B-coordinates,C-开放路网计算；不是货车/危运合规路线
A0122,GD06,source,韶关,C17,collection,肇庆虚拟回收/检测中心,289.43307246740227,287.91740000000004,214.13333333333333,OSRM driving/car,2026-08-15,D-road proxy; B-coordinates,C-开放路网计算；不是货车/危运合规路线
A0123,GD06,source,韶关,C18,collection,清远虚拟回收/检测中心,179.19087548833554,180.2101,142.0883333333333,OSRM driving/car,2026-08-15,D-road proxy; B-coordinates,C-开放路网计算；不是货车/危运合规路线
A0124,GD06,source,韶关,C19,collection,潮州虚拟回收/检测中心,375.50319781414925,417.1698,308.1166666666667,OSRM driving/car,2026-08-15,D-road proxy; B-coordinates,C-开放路网计算；不是货车/危运合规路线
A0125,GD06,source,韶关,C20,collection,揭阳虚拟回收/检测中心,354.3772228511982,393.13390000000004,293.2033333333333,OSRM driving/car,2026-08-15,D-road proxy; B-coordinates,C-开放路网计算；不是货车/危运合规路线
A0126,GD06,source,韶关,C21,collection,云浮虚拟回收/检测中心,359.95540729726775,382.7008,274.175,OSRM driving/car,2026-08-15,D-road proxy; B-coordinates,C-开放路网计算；不是货车/危运合规路线
A0127,GD07,source,河源,C01,collection,广州虚拟回收/检测中心,255.35449854690705,273.9589,212.09833333333333,OSRM driving/car,2026-08-15,D-road proxy; B-coordinates,C-开放路网计算；不是货车/危运合规路线
A0128,GD07,source,河源,C02,collection,深圳虚拟回收/检测中心,241.38401680373065,249.9957,196.06,OSRM driving/car,2026-08-15,D-road proxy; B-coordinates,C-开放路网计算；不是货车/危运合规路线
A0129,GD07,source,河源,C03,collection,珠海虚拟回收/检测中心,304.43065388171823,344.5653,267.2916666666667,OSRM driving/car,2026-08-15,D-road proxy; B-coordinates,C-开放路网计算；不是货车/危运合规路线
A0130,GD07,source,河源,C04,collection,汕头虚拟回收/检测中心,221.4376923116871,234.5172,186.18833333333333,OSRM driving/car,2026-08-15,D-road proxy; B-coordinates,C-开放路网计算；不是货车/危运合规路线
A0131,GD07,source,河源,C05,collection,佛山虚拟回收/检测中心,277.62076243937133,291.10209999999995,232.91,OSRM driving/car,2026-08-15,D-road proxy; B-coordinates,C-开放路网计算；不是货车/危运合规路线
A0132,GD07,source,河源,C06,collection,韶关虚拟回收/检测中心,179.54353323515195,249.704,217.09666666666666,OSRM driving/car,2026-08-15,D-road proxy; B-coordinates,C-开放路网计算；不是货车/危运合规路线
A0133,GD07,source,河源,C07,collection,河源虚拟回收/检测中心,0.0001139223575592041,0.0,0.0,OSRM driving/car,2026-08-15,D-road proxy; B-coordinates,C-开放路网计算；不是货车/危运合规路线
A0134,GD07,source,河源,C08,collection,梅州虚拟回收/检测中心,131.41703557689866,140.0552,121.41000000000001,OSRM driving/car,2026-08-15,D-road proxy; B-coordinates,C-开放路网计算；不是货车/危运合规路线
A0135,GD07,source,河源,C09,collection,惠州虚拟回收/检测中心,153.73276695379784,162.7103,135.45666666666665,OSRM driving/car,2026-08-15,D-road proxy; B-coordinates,C-开放路网计算；不是货车/危运合规路线
A0136,GD07,source,河源,C10,collection,汕尾虚拟回收/检测中心,155.4955738550505,208.71470000000002,190.89833333333334,OSRM driving/car,2026-08-15,D-road proxy; B-coordinates,C-开放路网计算；不是货车/危运合规路线
A0137,GD07,source,河源,C11,collection,东莞虚拟回收/检测中心,216.00434329045038,235.32989999999998,186.33333333333334,OSRM driving/car,2026-08-15,D-road proxy; B-coordinates,C-开放路网计算；不是货车/危运合规路线
A0138,GD07,source,河源,C12,collection,中山虚拟回收/检测中心,294.02113032666034,310.91790000000003,243.46,OSRM driving/car,2026-08-15,D-road proxy; B-coordinates,C-开放路网计算；不是货车/危运合规路线
A0139,GD07,source,河源,C13,collection,江门虚拟回收/检测中心,316.3240228712952,347.3153,263.8983333333333,OSRM driving/car,2026-08-15,D-road proxy; B-coordinates,C-开放路网计算；不是货车/危运合规路线
A0140,GD07,source,河源,C14,collection,阳江虚拟回收/检测中心,482.83039770554365,524.8118000000001,374.09166666666664,OSRM driving/car,2026-08-15,D-road proxy; B-coordinates,C-开放路网计算；不是货车/危运合规路线
A0141,GD07,source,河源,C15,collection,湛江虚拟回收/检测中心,690.9757745542857,689.2031999999999,483.77333333333337,OSRM driving/car,2026-08-15,D-road proxy; B-coordinates,C-开放路网计算；不是货车/危运合规路线
A0142,GD07,source,河源,C16,collection,茂名虚拟回收/检测中心,603.471574151374,608.4538,432.68833333333333,OSRM driving/car,2026-08-15,D-road proxy; B-coordinates,C-开放路网计算；不是货车/危运合规路线
A0143,GD07,source,河源,C17,collection,肇庆虚拟回收/检测中心,347.2375461741987,369.1929,280.8616666666667,OSRM driving/car,2026-08-15,D-road proxy; B-coordinates,C-开放路网计算；不是货车/危运合规路线
A0144,GD07,source,河源,C18,collection,清远虚拟回收/检测中心,251.14636384742758,286.3671,228.09333333333333,OSRM driving/car,2026-08-15,D-road proxy; B-coordinates,C-开放路网计算；不是货车/危运合规路线
A0145,GD07,source,河源,C19,collection,潮州虚拟回收/检测中心,199.69048363956173,217.6874,169.95499999999998,OSRM driving/car,2026-08-15,D-road proxy; B-coordinates,C-开放路网计算；不是货车/危运合规路线
A0146,GD07,source,河源,C20,collection,揭阳虚拟回收/检测中心,175.87360917758068,193.6515,155.04166666666666,OSRM driving/car,2026-08-15,D-road proxy; B-coordinates,C-开放路网计算；不是货车/危运合规路线
A0147,GD07,source,河源,C21,collection,云浮虚拟回收/检测中心,431.1184555708482,456.0642,335.0383333333333,OSRM driving/car,2026-08-15,D-road proxy; B-coordinates,C-开放路网计算；不是货车/危运合规路线
A0148,GD08,source,梅州,C01,collection,广州虚拟回收/检测中心,382.1027064948506,381.7613,266.09333333333336,OSRM driving/car,2026-08-15,D-road proxy; B-coordinates,C-开放路网计算；不是货车/危运合规路线
A0149,GD08,source,梅州,C02,collection,深圳虚拟回收/检测中心,343.699494537765,343.7588,249.52833333333334,OSRM driving/car,2026-08-15,D-road proxy; B-coordinates,C-开放路网计算；不是货车/危运合规路线
A0150,GD08,source,梅州,C03,collection,珠海虚拟回收/检测中心,412.0677892611643,452.3677,321.2866666666667,OSRM driving/car,2026-08-15,D-road proxy; B-coordinates,C-开放路网计算；不是货车/危运合规路线
A0151,GD08,source,梅州,C04,collection,汕头虚拟回收/检测中心,142.3374058165527,155.01139999999998,114.345,OSRM driving/car,2026-08-15,D-road proxy; B-coordinates,C-开放路网计算；不是货车/危运合规路线
A0152,GD08,source,梅州,C05,collection,佛山虚拟回收/检测中心,403.9212901773776,398.9045,286.905,OSRM driving/car,2026-08-15,D-road proxy; B-coordinates,C-开放路网计算；不是货车/危运合规路线
A0153,GD08,source,梅州,C06,collection,韶关虚拟回收/检测中心,288.4343025608088,337.0402,256.1433333333333,OSRM driving/car,2026-08-15,D-road proxy; B-coordinates,C-开放路网计算；不是货车/危运合规路线
A0154,GD08,source,梅州,C07,collection,河源虚拟回收/检测中心,131.41703557689866,138.4445,119.44833333333332,OSRM driving/car,2026-08-15,D-road proxy; B-coordinates,C-开放路网计算；不是货车/危运合规路线
A0155,GD08,source,梅州,C08,collection,梅州虚拟回收/检测中心,0.0,0.0,0.0,OSRM driving/car,2026-08-15,D-road proxy; B-coordinates,C-开放路网计算；不是货车/危运合规路线
A0156,GD08,source,梅州,C09,collection,惠州虚拟回收/检测中心,261.0101487251689,270.5127,189.45166666666668,OSRM driving/car,2026-08-15,D-road proxy; B-coordinates,C-开放路网计算；不是货车/危运合规路线
A0157,GD08,source,梅州,C10,collection,汕尾虚拟回收/检测中心,186.1554692104985,220.6019,170.65166666666667,OSRM driving/car,2026-08-15,D-road proxy; B-coordinates,C-开放路网计算；不是货车/危运合规路线
A0158,GD08,source,梅州,C11,collection,东莞虚拟回收/检测中心,336.0205516382558,343.1323,240.32833333333335,OSRM driving/car,2026-08-15,D-road proxy; B-coordinates,C-开放路网计算；不是货车/危运合规路线
A0159,GD08,source,梅州,C12,collection,中山虚拟回收/检测中心,409.44693839547136,418.7203,297.455,OSRM driving/car,2026-08-15,D-road proxy; B-coordinates,C-开放路网计算；不是货车/危运合规路线
A0160,GD08,source,梅州,C13,collection,江门虚拟回收/检测中心,436.6461010859192,443.82590000000005,314.9216666666667,OSRM driving/car,2026-08-15,D-road proxy; B-coordinates,C-开放路网计算；不是货车/危运合规路线
A0161,GD08,source,梅州,C14,collection,阳江虚拟回收/检测中心,606.9165436644514,621.3224,425.115,OSRM driving/car,2026-08-15,D-road proxy; B-coordinates,C-开放路网计算；不是货车/危运合规路线
A0162,GD08,source,梅州,C15,collection,湛江虚拟回收/检测中心,815.1568254890299,785.7138,534.7966666666666,OSRM driving/car,2026-08-15,D-road proxy; B-coordinates,C-开放路网计算；不是货车/危运合规路线
A0163,GD08,source,梅州,C16,collection,茂名虚拟回收/检测中心,728.0835318499868,704.9645,483.7116666666667,OSRM driving/car,2026-08-15,D-road proxy; B-coordinates,C-开放路网计算；不是货车/危运合规路线
A0164,GD08,source,梅州,C17,collection,肇庆虚拟回收/检测中心,476.58618977707783,476.9952,334.8566666666667,OSRM driving/car,2026-08-15,D-road proxy; B-coordinates,C-开放路网计算；不是货车/危运合规路线
A0165,GD08,source,梅州,C18,collection,清远虚拟回收/检测中心,382.548418383279,395.348,280.8316666666667,OSRM driving/car,2026-08-15,D-road proxy; B-coordinates,C-开放路网计算；不是货车/危运合规路线
A0166,GD08,source,梅州,C19,collection,潮州虚拟回收/检测中心,104.64220370470176,138.1816,98.11166666666666,OSRM driving/car,2026-08-15,D-road proxy; B-coordinates,C-开放路网计算；不是货车/危运合规路线
A0167,GD08,source,梅州,C20,collection,揭阳虚拟回收/检测中心,103.20676285733127,114.14569999999999,83.19833333333332,OSRM driving/car,2026-08-15,D-road proxy; B-coordinates,C-开放路网计算；不是货车/危运合规路线
A0168,GD08,source,梅州,C21,collection,云浮虚拟回收/检测中心,560.7864276308262,563.8665,389.03333333333336,OSRM driving/car,2026-08-15,D-road proxy; B-coordinates,C-开放路网计算；不是货车/危运合规路线
A0169,GD09,source,惠州,C01,collection,广州虚拟回收/检测中心,141.59962050860264,138.8645,98.54166666666667,OSRM driving/car,2026-08-15,D-road proxy; B-coordinates,C-开放路网计算；不是货车/危运合规路线
A0170,GD09,source,惠州,C02,collection,深圳虚拟回收/检测中心,87.65338268455065,88.7728,71.12333333333332,OSRM driving/car,2026-08-15,D-road proxy; B-coordinates,C-开放路网计算；不是货车/危运合规路线
A0171,GD09,source,惠州,C03,collection,珠海虚拟回收/检测中心,152.4261811714796,183.3425,142.355,OSRM driving/car,2026-08-15,D-road proxy; B-coordinates,C-开放路网计算；不是货车/危运合规路线
A0172,GD09,source,惠州,C04,collection,汕头虚拟回收/检测中心,279.59950256039025,287.0797,208.505,OSRM driving/car,2026-08-15,D-road proxy; B-coordinates,C-开放路网计算；不是货车/危运合规路线
A0173,GD09,source,惠州,C05,collection,佛山虚拟回收/检测中心,159.63127925962104,158.107,118.03833333333334,OSRM driving/car,2026-08-15,D-road proxy; B-coordinates,C-开放路网计算；不是货车/危运合规路线
A0174,GD09,source,惠州,C06,collection,韶关虚拟回收/检测中心,240.57838750981594,258.7829,191.28833333333333,OSRM driving/car,2026-08-15,D-road proxy; B-coordinates,C-开放路网计算；不是货车/危运合规路线
A0175,GD09,source,惠州,C07,collection,河源虚拟回收/检测中心,153.73276695379784,165.1062,135.53,OSRM driving/car,2026-08-15,D-road proxy; B-coordinates,C-开放路网计算；不是货车/危运合规路线
A0176,GD09,source,惠州,C08,collection,梅州虚拟回收/检测中心,261.0101487251689,273.98220000000003,191.39,OSRM driving/car,2026-08-15,D-road proxy; B-coordinates,C-开放路网计算；不是货车/危运合规路线
A0177,GD09,source,惠州,C09,collection,惠州虚拟回收/检测中心,0.0,0.0,0.0,OSRM driving/car,2026-08-15,D-road proxy; B-coordinates,C-开放路网计算；不是货车/危运合规路线
A0178,GD09,source,惠州,C10,collection,汕尾虚拟回收/检测中心,135.3751705679002,137.2199,122.56666666666666,OSRM driving/car,2026-08-15,D-road proxy; B-coordinates,C-开放路网计算；不是货车/危运合规路线
A0179,GD09,source,惠州,C11,collection,东莞虚拟回收/检测中心,82.90044805737128,94.6155,70.79166666666667,OSRM driving/car,2026-08-15,D-road proxy; B-coordinates,C-开放路网计算；不是货车/危运合规路线
A0180,GD09,source,惠州,C12,collection,中山虚拟回收/检测中心,148.87711821877198,149.6951,118.52333333333333,OSRM driving/car,2026-08-15,D-road proxy; B-coordinates,C-开放路网计算；不是货车/危运合规路线
A0181,GD09,source,惠州,C13,collection,江门虚拟回收/检测中心,178.96752942018048,182.8135,141.08333333333334,OSRM driving/car,2026-08-15,D-road proxy; B-coordinates,C-开放路网计算；不是货车/危运合规路线
A0182,GD09,source,惠州,C14,collection,阳江虚拟回收/检测中心,351.17072385173043,369.8987,251.92166666666665,OSRM driving/car,2026-08-15,D-road proxy; B-coordinates,C-开放路网计算；不是货车/危运合规路线
A0183,GD09,source,惠州,C15,collection,湛江虚拟回收/检测中心,558.1215185443488,534.2900999999999,361.60333333333335,OSRM driving/car,2026-08-15,D-road proxy; B-coordinates,C-开放路网计算；不是货车/危运合规路线
A0184,GD09,source,惠州,C16,collection,茂名虚拟回收/检测中心,472.0511550369907,453.5408,310.5183333333333,OSRM driving/car,2026-08-15,D-road proxy; B-coordinates,C-开放路网计算；不是货车/危运合规路线
A0185,GD09,source,惠州,C17,collection,肇庆虚拟回收/检测中心,239.7967570099756,239.95479999999998,171.13333333333333,OSRM driving/car,2026-08-15,D-road proxy; B-coordinates,C-开放路网计算；不是货车/危运合规路线
A0186,GD09,source,惠州,C18,collection,清远虚拟回收/检测中心,183.368389563571,183.9218,134.955,OSRM driving/car,2026-08-15,D-road proxy; B-coordinates,C-开放路网计算；不是货车/危运合规路线
A0187,GD09,source,惠州,C19,collection,潮州虚拟回收/检测中心,279.9607688576769,281.7685,200.89166666666668,OSRM driving/car,2026-08-15,D-road proxy; B-coordinates,C-开放路网计算；不是货车/危运合规路线
A0188,GD09,source,惠州,C20,collection,揭阳虚拟回收/检测中心,246.6776550795714,248.8528,182.87,OSRM driving/car,2026-08-15,D-road proxy; B-coordinates,C-开放路网计算；不是货车/危运合规路线
A0189,GD09,source,惠州,C21,collection,云浮虚拟回收/检测中心,321.82250195374496,326.8261,225.31,OSRM driving/car,2026-08-15,D-road proxy; B-coordinates,C-开放路网计算；不是货车/危运合规路线
A0190,GD10,source,汕尾,C01,collection,广州虚拟回收/检测中心,276.7760629013141,269.1208,192.77833333333334,OSRM driving/car,2026-08-15,D-road proxy; B-coordinates,C-开放路网计算；不是货车/危运合规路线
A0191,GD10,source,汕尾,C02,collection,深圳虚拟回收/检测中心,189.62625214547197,188.0076,143.29833333333332,OSRM driving/car,2026-08-15,D-road proxy; B-coordinates,C-开放路网计算；不是货车/危运合规路线
A0192,GD10,source,汕尾,C03,collection,珠海虚拟回收/检测中心,258.19268317474746,299.0451,221.31,OSRM driving/car,2026-08-15,D-road proxy; B-coordinates,C-开放路网计算；不是货车/危运合规路线
A0193,GD10,source,汕尾,C04,collection,汕头虚拟回收/检测中心,150.39117711768017,165.9512,128.4,OSRM driving/car,2026-08-15,D-road proxy; B-coordinates,C-开放路网计算；不是货车/危运合规路线
A0194,GD10,source,汕尾,C05,collection,佛山虚拟回收/检测中心,294.0126610717624,285.35409999999996,206.15333333333334,OSRM driving/car,2026-08-15,D-road proxy; B-coordinates,C-开放路网计算；不是货车/危运合规路线
A0195,GD10,source,汕尾,C06,collection,韶关虚拟回收/检测中心,318.73774688823676,377.7248,278.22833333333335,OSRM driving/car,2026-08-15,D-road proxy; B-coordinates,C-开放路网计算；不是货车/危运合规路线
A0196,GD10,source,汕尾,C07,collection,河源虚拟回收/检测中心,155.4955738550505,212.8117,176.78333333333333,OSRM driving/car,2026-08-15,D-road proxy; B-coordinates,C-开放路网计算；不是货车/危运合规路线
A0197,GD10,source,汕尾,C08,collection,梅州虚拟回收/检测中心,186.1554692104985,184.214,138.21,OSRM driving/car,2026-08-15,D-road proxy; B-coordinates,C-开放路网计算；不是货车/危运合规路线
A0198,GD10,source,汕尾,C09,collection,惠州虚拟回收/检测中心,135.3751705679002,131.9282,107.83166666666666,OSRM driving/car,2026-08-15,D-road proxy; B-coordinates,C-开放路网计算；不是货车/危运合规路线
A0199,GD10,source,汕尾,C10,collection,汕尾虚拟回收/检测中心,0.0,0.0,0.0,OSRM driving/car,2026-08-15,D-road proxy; B-coordinates,C-开放路网计算；不是货车/危运合规路线
A0200,GD10,source,汕尾,C11,collection,东莞虚拟回收/检测中心,216.7349587353549,207.5934,150.48833333333332,OSRM driving/car,2026-08-15,D-road proxy; B-coordinates,C-开放路网计算；不是货车/危运合规路线
A0201,GD10,source,汕尾,C12,collection,中山虚拟回收/检测中心,269.3238430803518,265.39779999999996,197.47833333333335,OSRM driving/car,2026-08-15,D-road proxy; B-coordinates,C-开放路网计算；不是货车/危运合规路线
A0202,GD10,source,汕尾,C13,collection,江门虚拟回收/检测中心,304.8551803783433,298.5161,220.03833333333333,OSRM driving/car,2026-08-15,D-road proxy; B-coordinates,C-开放路网计算；不是货车/危运合规路线
A0203,GD10,source,汕尾,C14,collection,阳江虚拟回收/检测中心,475.24115449069046,485.7015,332.12333333333333,OSRM driving/car,2026-08-15,D-road proxy; B-coordinates,C-开放路网计算；不是货车/危运合规路线
A0204,GD10,source,汕尾,C15,collection,湛江虚拟回收/检测中心,677.999715742461,650.0929,441.805,OSRM driving/car,2026-08-15,D-road proxy; B-coordinates,C-开放路网计算；不是货车/危运合规路线
A0205,GD10,source,汕尾,C16,collection,茂名虚拟回收/检测中心,594.1606647071775,569.3435,390.72,OSRM driving/car,2026-08-15,D-road proxy; B-coordinates,C-开放路网计算；不是货车/危运合规路线
A0206,GD10,source,汕尾,C17,collection,肇庆虚拟回收/检测中心,374.5160449794057,369.4217,265.345,OSRM driving/car,2026-08-15,D-road proxy; B-coordinates,C-开放路网计算；不是货车/危运合规路线
A0207,GD10,source,汕尾,C18,collection,清远虚拟回收/检测中心,314.3082033676746,314.1781,229.19166666666666,OSRM driving/car,2026-08-15,D-road proxy; B-coordinates,C-开放路网计算；不是货车/危运合规路线
A0208,GD10,source,汕尾,C19,collection,潮州虚拟回收/检测中心,160.93051256166157,160.64,120.78666666666666,OSRM driving/car,2026-08-15,D-road proxy; B-coordinates,C-开放路网计算；不是货车/危运合规路线
A0209,GD10,source,汕尾,C20,collection,揭阳虚拟回收/检测中心,127.54320301757497,127.7243,102.765,OSRM driving/car,2026-08-15,D-road proxy; B-coordinates,C-开放路网计算；不是货车/危运合规路线
A0210,GD10,source,汕尾,C21,collection,云浮虚拟回收/检测中心,455.41833629892034,456.293,319.52166666666665,OSRM driving/car,2026-08-15,D-road proxy; B-coordinates,C-开放路网计算；不是货车/危运合规路线
A0211,GD11,source,东莞,C01,collection,广州虚拟回收/检测中心,61.48835744881942,63.0212,47.281666666666666,OSRM driving/car,2026-08-15,D-road proxy; B-coordinates,C-开放路网计算；不是货车/危运合规路线
A0212,GD11,source,东莞,C02,collection,深圳虚拟回收/检测中心,73.7874966555125,74.33330000000001,55.55333333333333,OSRM driving/car,2026-08-15,D-road proxy; B-coordinates,C-开放路网计算；不是货车/危运合规路线
A0213,GD11,source,东莞,C03,collection,珠海虚拟回收/检测中心,101.6188477233397,114.3817,91.71166666666666,OSRM driving/car,2026-08-15,D-road proxy; B-coordinates,C-开放路网计算；不是货车/危运合规路线
A0214,GD11,source,东莞,C04,collection,汕头虚拟回收/检测中心,362.4792813676039,362.6879,251.52166666666665,OSRM driving/car,2026-08-15,D-road proxy; B-coordinates,C-开放路网计算；不是货车/危运合规路线
A0215,GD11,source,东莞,C05,collection,佛山虚拟回收/检测中心,77.28343572424338,82.4602,64.61666666666666,OSRM driving/car,2026-08-15,D-road proxy; B-coordinates,C-开放路网计算；不是货车/危运合规路线
A0216,GD11,source,东莞,C06,collection,韶关虚拟回收/检测中心,242.01314694033505,274.1771,194.16666666666666,OSRM driving/car,2026-08-15,D-road proxy; B-coordinates,C-开放路网计算；不是货车/危运合规路线
A0217,GD11,source,东莞,C07,collection,河源虚拟回收/检测中心,216.00434329045038,236.09189999999998,186.63166666666666,OSRM driving/car,2026-08-15,D-road proxy; B-coordinates,C-开放路网计算；不是货车/危运合规路线
A0218,GD11,source,东莞,C08,collection,梅州虚拟回收/检测中心,336.0205516382558,344.968,242.49166666666667,OSRM driving/car,2026-08-15,D-road proxy; B-coordinates,C-开放路网计算；不是货车/危运合规路线
A0219,GD11,source,东莞,C09,collection,惠州虚拟回收/检测中心,82.90044805737128,95.089,71.56333333333333,OSRM driving/car,2026-08-15,D-road proxy; B-coordinates,C-开放路网计算；不是货车/危运合规路线
A0220,GD11,source,东莞,C10,collection,汕尾虚拟回收/检测中心,216.7349587353549,212.8281,165.58333333333334,OSRM driving/car,2026-08-15,D-road proxy; B-coordinates,C-开放路网计算；不是货车/危运合规路线
A0221,GD11,source,东莞,C11,collection,东莞虚拟回收/检测中心,0.0,0.0,0.0,OSRM driving/car,2026-08-15,D-road proxy; B-coordinates,C-开放路网计算；不是货车/危运合规路线
A0222,GD11,source,东莞,C12,collection,中山虚拟回收/检测中心,79.79519060047858,80.7344,67.88000000000001,OSRM driving/car,2026-08-15,D-road proxy; B-coordinates,C-开放路网计算；不是货车/危运合规路线
A0223,GD11,source,东莞,C13,collection,江门虚拟回收/检测中心,100.84581605844396,112.4987,84.56333333333333,OSRM driving/car,2026-08-15,D-road proxy; B-coordinates,C-开放路网计算；不是货车/危运合规路线
A0224,GD11,source,东莞,C14,collection,阳江虚拟回收/检测中心,271.30826923165324,289.9951,194.75666666666666,OSRM driving/car,2026-08-15,D-road proxy; B-coordinates,C-开放路网计算；不是货车/危运合规路线
A0225,GD11,source,东莞,C15,collection,湛江虚拟回收/检测中心,479.3156543516013,454.3865,304.43833333333333,OSRM driving/car,2026-08-15,D-road proxy; B-coordinates,C-开放路网计算；不是货车/危运合规路线
A0226,GD11,source,东莞,C16,collection,茂名虚拟回收/检测中心,392.5078157037128,373.6372,253.35333333333335,OSRM driving/car,2026-08-15,D-road proxy; B-coordinates,C-开放路网计算；不是货车/危运合规路线
A0227,GD11,source,东莞,C17,collection,肇庆虚拟回收/检测中心,157.83268942296343,154.5592,118.72666666666667,OSRM driving/car,2026-08-15,D-road proxy; B-coordinates,C-开放路网计算；不是货车/危运合规路线
A0228,GD11,source,东莞,C18,collection,清远虚拟回收/检测中心,122.93685817460485,129.1921,98.33500000000001,OSRM driving/car,2026-08-15,D-road proxy; B-coordinates,C-开放路网计算；不是货车/危运合规路线
A0229,GD11,source,东莞,C19,collection,潮州虚拟回收/检测中心,362.40036847399165,357.3766,243.90833333333333,OSRM driving/car,2026-08-15,D-road proxy; B-coordinates,C-开放路网计算；不是货车/危运合规路线
A0230,GD11,source,东莞,C20,collection,揭阳虚拟回收/检测中心,329.2829682634781,324.461,225.88666666666668,OSRM driving/car,2026-08-15,D-road proxy; B-coordinates,C-开放路网计算；不是货车/危运合规路线
A0231,GD11,source,东莞,C21,collection,云浮虚拟回收/检测中心,239.07084014080786,241.4305,172.90333333333334,OSRM driving/car,2026-08-15,D-road proxy; B-coordinates,C-开放路网计算；不是货车/危运合规路线
A0232,GD12,source,中山,C01,collection,广州虚拟回收/检测中心,82.79613442153406,82.532,63.019999999999996,OSRM driving/car,2026-08-15,D-road proxy; B-coordinates,C-开放路网计算；不是货车/危运合规路线
A0233,GD12,source,中山,C02,collection,深圳虚拟回收/检测中心,82.31192214368541,85.22619999999999,68.96166666666666,OSRM driving/car,2026-08-15,D-road proxy; B-coordinates,C-开放路网计算；不是货车/危运合规路线
A0234,GD12,source,中山,C03,collection,珠海虚拟回收/检测中心,39.969720769320794,43.703300000000006,42.18333333333333,OSRM driving/car,2026-08-15,D-road proxy; B-coordinates,C-开放路网计算；不是货车/危运合规路线
A0235,GD12,source,中山,C04,collection,汕头虚拟回收/检测中心,419.44492112015877,410.59090000000003,290.86333333333334,OSRM driving/car,2026-08-15,D-road proxy; B-coordinates,C-开放路网计算；不是货车/危运合规路线
A0236,GD12,source,中山,C05,collection,佛山虚拟回收/检测中心,75.10964913262345,75.559,59.56166666666666,OSRM driving/car,2026-08-15,D-road proxy; B-coordinates,C-开放路网计算；不是货车/危运合规路线
A0237,GD12,source,中山,C06,collection,韶关虚拟回收/检测中心,312.80688178629845,315.4167,227.55333333333334,OSRM driving/car,2026-08-15,D-road proxy; B-coordinates,C-开放路网计算；不是货车/危运合规路线
A0238,GD12,source,中山,C07,collection,河源虚拟回收/检测中心,294.02113032666034,305.7668,239.43666666666667,OSRM driving/car,2026-08-15,D-road proxy; B-coordinates,C-开放路网计算；不是货车/危运合规路线
A0239,GD12,source,中山,C08,collection,梅州虚拟回收/检测中心,409.44693839547136,414.6429,295.2966666666667,OSRM driving/car,2026-08-15,D-road proxy; B-coordinates,C-开放路网计算；不是货车/危运合规路线
A0240,GD12,source,中山,C09,collection,惠州虚拟回收/检测中心,148.87711821877198,146.90079999999998,116.59666666666666,OSRM driving/car,2026-08-15,D-road proxy; B-coordinates,C-开放路网计算；不是货车/危运合规路线
A0241,GD12,source,中山,C10,collection,汕尾虚拟回收/检测中心,269.3238430803518,268.8607,209.50833333333333,OSRM driving/car,2026-08-15,D-road proxy; B-coordinates,C-开放路网计算；不是货车/危运合规路线
A0242,GD12,source,中山,C11,collection,东莞虚拟回收/检测中心,79.79519060047858,81.4106,72.66000000000001,OSRM driving/car,2026-08-15,D-road proxy; B-coordinates,C-开放路网计算；不是货车/危运合规路线
A0243,GD12,source,中山,C12,collection,中山虚拟回收/检测中心,0.0,0.0,0.0,OSRM driving/car,2026-08-15,D-road proxy; B-coordinates,C-开放路网计算；不是货车/危运合规路线
A0244,GD12,source,中山,C13,collection,江门虚拟回收/检测中心,39.22129266425868,39.5464,35.535,OSRM driving/car,2026-08-15,D-road proxy; B-coordinates,C-开放路网计算；不是货车/危运合规路线
A0245,GD12,source,中山,C14,collection,阳江虚拟回收/检测中心,205.9387801343193,216.03920000000002,151.02166666666665,OSRM driving/car,2026-08-15,D-road proxy; B-coordinates,C-开放路网计算；不是货车/危运合规路线
A0246,GD12,source,中山,C15,collection,湛江虚拟回收/检测中心,410.5848719535726,387.822,261.39500000000004,OSRM driving/car,2026-08-15,D-road proxy; B-coordinates,C-开放路网计算；不是货车/危运合规路线
A0247,GD12,source,中山,C16,collection,茂名虚拟回收/检测中心,325.5130888831378,307.07259999999997,210.31,OSRM driving/car,2026-08-15,D-road proxy; B-coordinates,C-开放路网计算；不是货车/危运合规路线
A0248,GD12,source,中山,C17,collection,肇庆虚拟回收/检测中心,134.2064883138392,141.1441,108.295,OSRM driving/car,2026-08-15,D-road proxy; B-coordinates,C-开放路网计算；不是货车/危运合规路线
A0249,GD12,source,中山,C18,collection,清远虚拟回收/检测中心,160.66540404712987,156.5989,117.08999999999999,OSRM driving/car,2026-08-15,D-road proxy; B-coordinates,C-开放路网计算；不是货车/危运合规路线
A0250,GD12,source,中山,C19,collection,潮州虚拟回收/检测中心,424.85020930041117,413.4093,287.8333333333333,OSRM driving/car,2026-08-15,D-road proxy; B-coordinates,C-开放路网计算；不是货车/危运合规路线
A0251,GD12,source,中山,C20,collection,揭阳虚拟回收/检测中心,391.1244551256192,380.49359999999996,269.81166666666667,OSRM driving/car,2026-08-15,D-road proxy; B-coordinates,C-开放路网计算；不是货车/危运合规路线
A0252,GD12,source,中山,C21,collection,云浮虚拟回收/检测中心,199.50503646734242,206.90179999999998,151.51000000000002,OSRM driving/car,2026-08-15,D-road proxy; B-coordinates,C-开放路网计算；不是货车/危运合规路线
A0253,GD13,source,江门,C01,collection,广州虚拟回收/检测中心,76.3956958586808,82.7962,65.80833333333334,OSRM driving/car,2026-08-15,D-road proxy; B-coordinates,C-开放路网计算；不是货车/危运合规路线
A0254,GD13,source,江门,C02,collection,深圳虚拟回收/检测中心,120.66466151382667,126.42660000000001,94.32666666666667,OSRM driving/car,2026-08-15,D-road proxy; B-coordinates,C-开放路网计算；不是货车/危运合规路线
A0255,GD13,source,江门,C03,collection,珠海虚拟回收/检测中心,73.6969883389518,82.6083,62.593333333333334,OSRM driving/car,2026-08-15,D-road proxy; B-coordinates,C-开放路网计算；不是货车/危运合规路线
A0256,GD13,source,江门,C04,collection,汕头虚拟回收/检测中心,454.35854812853415,451.7913,316.22833333333335,OSRM driving/car,2026-08-15,D-road proxy; B-coordinates,C-开放路网计算；不是货车/危运合规路线
A0257,GD13,source,江门,C05,collection,佛山虚拟回收/检测中心,59.22325916789457,67.43960000000001,53.09166666666667,OSRM driving/car,2026-08-15,D-road proxy; B-coordinates,C-开放路网计算；不是货车/危运合规路线
A0258,GD13,source,江门,C06,collection,韶关虚拟回收/检测中心,313.42946331342586,316.6007,228.19166666666666,OSRM driving/car,2026-08-15,D-road proxy; B-coordinates,C-开放路网计算；不是货车/危运合规路线
A0259,GD13,source,江门,C07,collection,河源虚拟回收/检测中心,316.3240228712952,344.6677,260.24666666666667,OSRM driving/car,2026-08-15,D-road proxy; B-coordinates,C-开放路网计算；不是货车/危运合规路线
A0260,GD13,source,江门,C08,collection,梅州虚拟回收/检测中心,436.6461010859192,453.5438,316.1066666666667,OSRM driving/car,2026-08-15,D-road proxy; B-coordinates,C-开放路网计算；不是货车/危运合规路线
A0261,GD13,source,江门,C09,collection,惠州虚拟回收/检测中心,178.96752942018048,185.8017,137.40666666666667,OSRM driving/car,2026-08-15,D-road proxy; B-coordinates,C-开放路网计算；不是货车/危运合规路线
A0262,GD13,source,江门,C10,collection,汕尾虚拟回收/检测中心,304.8551803783433,307.7616,230.31833333333333,OSRM driving/car,2026-08-15,D-road proxy; B-coordinates,C-开放路网计算；不是货车/危运合规路线
A0263,GD13,source,江门,C11,collection,东莞虚拟回收/检测中心,100.84581605844396,123.1212,92.67166666666667,OSRM driving/car,2026-08-15,D-road proxy; B-coordinates,C-开放路网计算；不是货车/危运合规路线
A0264,GD13,source,江门,C12,collection,中山虚拟回收/检测中心,39.22129266425868,40.658,37.01166666666666,OSRM driving/car,2026-08-15,D-road proxy; B-coordinates,C-开放路网计算；不是货车/危运合规路线
A0265,GD13,source,江门,C13,collection,江门虚拟回收/检测中心,0.0,0.0,0.0,OSRM driving/car,2026-08-15,D-road proxy; B-coordinates,C-开放路网计算；不是货车/危运合规路线
A0266,GD13,source,江门,C14,collection,阳江虚拟回收/检测中心,172.24234503832372,190.8956,127.66333333333334,OSRM driving/car,2026-08-15,D-road proxy; B-coordinates,C-开放路网计算；不是货车/危运合规路线
A0267,GD13,source,江门,C15,collection,湛江虚拟回收/检测中心,379.3560995691944,355.287,237.345,OSRM driving/car,2026-08-15,D-road proxy; B-coordinates,C-开放路网计算；不是货车/危运合规路线
A0268,GD13,source,江门,C16,collection,茂名虚拟回收/检测中心,293.09106494828376,274.5376,186.26000000000002,OSRM driving/car,2026-08-15,D-road proxy; B-coordinates,C-开放路网计算；不是货车/危运合规路线
A0269,GD13,source,江门,C17,collection,肇庆虚拟回收/检测中心,98.20082167156956,104.22710000000001,80.53833333333334,OSRM driving/car,2026-08-15,D-road proxy; B-coordinates,C-开放路网计算；不是货车/危运合规路线
A0270,GD13,source,江门,C18,collection,清远虚拟回收/检测中心,147.02898541450745,144.4254,114.02666666666667,OSRM driving/car,2026-08-15,D-road proxy; B-coordinates,C-开放路网计算；不是货车/危运合规路线
A0271,GD13,source,江门,C19,collection,潮州虚拟回收/检测中心,457.9707384090611,452.3102,308.6433333333333,OSRM driving/car,2026-08-15,D-road proxy; B-coordinates,C-开放路网计算；不是货车/危运合规路线
A0272,GD13,source,江门,C20,collection,揭阳虚拟回收/检测中心,424.40000183942857,419.3945,290.62166666666667,OSRM driving/car,2026-08-15,D-road proxy; B-coordinates,C-开放路网计算；不是货车/危运合规路线
A0273,GD13,source,江门,C21,collection,云浮虚拟回收/检测中心,160.29151114661695,167.8536,123.01333333333334,OSRM driving/car,2026-08-15,D-road proxy; B-coordinates,C-开放路网计算；不是货车/危运合规路线
A0274,GD14,source,阳江,C01,collection,广州虚拟回收/检测中心,228.13253822875888,233.70170000000002,163.39,OSRM driving/car,2026-08-15,D-road proxy; B-coordinates,C-开放路网计算；不是货车/危运合规路线
A0275,GD14,source,阳江,C02,collection,深圳虚拟回收/检测中心,286.6932251227238,285.0773,198.73166666666665,OSRM driving/car,2026-08-15,D-road proxy; B-coordinates,C-开放路网计算；不是货车/危运合规路线
A0276,GD14,source,阳江,C03,collection,珠海虚拟回收/检测中心,222.31046381687938,242.77429999999998,167.715,OSRM driving/car,2026-08-15,D-road proxy; B-coordinates,C-开放路网计算；不是货车/危运合规路线
A0277,GD14,source,阳江,C04,collection,汕头虚拟回收/检测中心,625.3796721915959,610.4419,420.6333333333333,OSRM driving/car,2026-08-15,D-road proxy; B-coordinates,C-开放路网计算；不是货车/危运合规路线
A0278,GD14,source,阳江,C05,collection,佛山虚拟回收/检测中心,205.69397617582445,210.554,144.70499999999998,OSRM driving/car,2026-08-15,D-road proxy; B-coordinates,C-开放路网计算；不是货车/危运合规路线
A0279,GD14,source,阳江,C06,collection,韶关虚拟回收/检测中心,441.6558572790621,436.28479999999996,310.92333333333335,OSRM driving/car,2026-08-15,D-road proxy; B-coordinates,C-开放路网计算；不是货车/危运合规路线
A0280,GD14,source,阳江,C07,collection,河源虚拟回收/检测中心,482.83039770554365,506.9669,364.88666666666666,OSRM driving/car,2026-08-15,D-road proxy; B-coordinates,C-开放路网计算；不是货车/危运合规路线
A0281,GD14,source,阳江,C08,collection,梅州虚拟回收/检测中心,606.9165436644514,604.6553,418.7683333333333,OSRM driving/car,2026-08-15,D-road proxy; B-coordinates,C-开放路网计算；不是货车/危运合规路线
A0282,GD14,source,阳江,C09,collection,惠州虚拟回收/检测中心,351.17072385173043,351.8615,245.29833333333332,OSRM driving/car,2026-08-15,D-road proxy; B-coordinates,C-开放路网计算；不是货车/危运合规路线
A0283,GD14,source,阳江,C10,collection,汕尾虚拟回收/检测中心,475.24115449069046,466.1564,339.4433333333333,OSRM driving/car,2026-08-15,D-road proxy; B-coordinates,C-开放路网计算；不是货车/危运合规路线
A0284,GD14,source,阳江,C11,collection,东莞虚拟回收/检测中心,271.30826923165324,283.8999,194.47333333333333,OSRM driving/car,2026-08-15,D-road proxy; B-coordinates,C-开放路网计算；不是货车/危运合规路线
A0285,GD14,source,阳江,C12,collection,中山虚拟回收/检测中心,205.9387801343193,205.1467,142.23166666666665,OSRM driving/car,2026-08-15,D-road proxy; B-coordinates,C-开放路网计算；不是货车/危运合规路线
A0286,GD14,source,阳江,C13,collection,江门虚拟回收/检测中心,172.24234503832372,174.3725,121.62666666666668,OSRM driving/car,2026-08-15,D-road proxy; B-coordinates,C-开放路网计算；不是货车/危运合规路线
A0287,GD14,source,阳江,C14,collection,阳江虚拟回收/检测中心,0.0,0.0,0.0,OSRM driving/car,2026-08-15,D-road proxy; B-coordinates,C-开放路网计算；不是货车/危运合规路线
A0288,GD14,source,阳江,C15,collection,湛江虚拟回收/检测中心,208.31711730405573,215.3165,146.69166666666666,OSRM driving/car,2026-08-15,D-road proxy; B-coordinates,C-开放路网计算；不是货车/危运合规路线
A0289,GD14,source,阳江,C16,collection,茂名虚拟回收/检测中心,121.20664482511194,127.6495,94.70833333333333,OSRM driving/car,2026-08-15,D-road proxy; B-coordinates,C-开放路网计算；不是货车/危运合规路线
A0290,GD14,source,阳江,C17,collection,肇庆虚拟回收/检测中心,152.24398513792852,157.7159,112.49666666666667,OSRM driving/car,2026-08-15,D-road proxy; B-coordinates,C-开放路网计算；不是货车/危运合规路线
A0291,GD14,source,阳江,C18,collection,清远虚拟回收/检测中心,262.9480259372752,264.9295,188.735,OSRM driving/car,2026-08-15,D-road proxy; B-coordinates,C-开放路网计算；不是货车/危运合规路线
A0292,GD14,source,阳江,C19,collection,潮州虚拟回收/检测中心,630.0503363792635,619.0198,417.96500000000003,OSRM driving/car,2026-08-15,D-road proxy; B-coordinates,C-开放路网计算；不是货车/危运合规路线
A0293,GD14,source,阳江,C20,collection,揭阳虚拟回收/检测中心,596.4217203202264,586.1041,399.9433333333333,OSRM driving/car,2026-08-15,D-road proxy; B-coordinates,C-开放路网计算；不是货车/危运合规路线
A0294,GD14,source,阳江,C21,collection,云浮虚拟回收/检测中心,101.30138350861198,117.0409,81.34333333333333,OSRM driving/car,2026-08-15,D-road proxy; B-coordinates,C-开放路网计算；不是货车/危运合规路线
A0295,GD15,source,湛江,C01,collection,广州虚拟回收/检测中心,435.86375186529995,417.4008,278.50333333333333,OSRM driving/car,2026-08-15,D-road proxy; B-coordinates,C-开放路网计算；不是货车/危运合规路线
A0296,GD15,source,湛江,C02,collection,深圳虚拟回收/检测中心,488.3737657884904,466.1125,315.4683333333333,OSRM driving/car,2026-08-15,D-road proxy; B-coordinates,C-开放路网计算；不是货车/危运合规路线
A0297,GD15,source,湛江,C03,collection,珠海虚拟回收/检测中心,420.3939061655412,407.71520000000004,277.53499999999997,OSRM driving/car,2026-08-15,D-road proxy; B-coordinates,C-开放路网计算；不是货车/危运合规路线
A0298,GD15,source,湛江,C04,collection,汕头虚拟回收/检测中心,828.3713526049856,791.4771999999999,537.37,OSRM driving/car,2026-08-15,D-road proxy; B-coordinates,C-开放路网计算；不是货车/危运合规路线
A0299,GD15,source,湛江,C05,collection,佛山虚拟回收/检测中心,413.4873083569706,396.1833,263.6166666666667,OSRM driving/car,2026-08-15,D-road proxy; B-coordinates,C-开放路网计算；不是货车/危运合规路线
A0300,GD15,source,湛江,C06,collection,韶关虚拟回收/检测中心,636.9781427860692,645.3444000000001,438.71666666666664,OSRM driving/car,2026-08-15,D-road proxy; B-coordinates,C-开放路网计算；不是货车/危运合规路线
A0301,GD15,source,湛江,C07,collection,河源虚拟回收/检测中心,690.9757745542857,687.8736,479.56166666666667,OSRM driving/car,2026-08-15,D-road proxy; B-coordinates,C-开放路网计算；不是货车/危运合规路线
A0302,GD15,source,湛江,C08,collection,梅州虚拟回收/检测中心,815.1568254890299,785.562,533.4433333333333,OSRM driving/car,2026-08-15,D-road proxy; B-coordinates,C-开放路网计算；不是货车/危运合规路线
A0303,GD15,source,湛江,C09,collection,惠州虚拟回收/检测中心,558.1215185443488,532.7683000000001,359.97333333333336,OSRM driving/car,2026-08-15,D-road proxy; B-coordinates,C-开放路网计算；不是货车/危运合规路线
A0304,GD15,source,湛江,C10,collection,汕尾虚拟回收/检测中心,677.999715742461,655.378,454.315,OSRM driving/car,2026-08-15,D-road proxy; B-coordinates,C-开放路网计算；不是货车/危运合规路线
A0305,GD15,source,湛江,C11,collection,东莞虚拟回收/检测中心,479.3156543516013,464.8066,309.14833333333337,OSRM driving/car,2026-08-15,D-road proxy; B-coordinates,C-开放路网计算；不是货车/危运合规路线
A0306,GD15,source,湛江,C12,collection,中山虚拟回收/检测中心,410.5848719535726,386.182,258.96833333333336,OSRM driving/car,2026-08-15,D-road proxy; B-coordinates,C-开放路网计算；不是货车/危运合规路线
A0307,GD15,source,湛江,C13,collection,江门虚拟回收/检测中心,379.3560995691944,355.2792,236.30166666666668,OSRM driving/car,2026-08-15,D-road proxy; B-coordinates,C-开放路网计算；不是货车/危运合规路线
A0308,GD15,source,湛江,C14,collection,阳江虚拟回收/检测中心,208.31711730405573,209.5613,140.09666666666666,OSRM driving/car,2026-08-15,D-road proxy; B-coordinates,C-开放路网计算；不是货车/危运合规路线
A0309,GD15,source,湛江,C15,collection,湛江虚拟回收/检测中心,0.0,0.0,0.0,OSRM driving/car,2026-08-15,D-road proxy; B-coordinates,C-开放路网计算；不是货车/危运合规路线
A0310,GD15,source,湛江,C16,collection,茂名虚拟回收/检测中心,87.62149652993399,93.1125,67.86999999999999,OSRM driving/car,2026-08-15,D-road proxy; B-coordinates,C-开放路网计算；不是货车/危运合规路线
A0311,GD15,source,湛江,C17,collection,肇庆虚拟回收/检测中心,351.9646269546589,350.6076,243.34,OSRM driving/car,2026-08-15,D-road proxy; B-coordinates,C-开放路网计算；不是货车/危运合规路线
A0312,GD15,source,湛江,C18,collection,清远虚拟回收/检测中心,462.40989323879114,457.82120000000003,319.5783333333333,OSRM driving/car,2026-08-15,D-road proxy; B-coordinates,C-开放路网计算；不是货车/危运合规路线
A0313,GD15,source,湛江,C19,collection,潮州虚拟回收/检测中心,835.335693104037,799.9265,532.64,OSRM driving/car,2026-08-15,D-road proxy; B-coordinates,C-开放路网计算；不是货车/危运合规路线
A0314,GD15,source,湛江,C20,collection,揭阳虚拟回收/检测中心,801.5756313567111,767.0109,514.6183333333333,OSRM driving/car,2026-08-15,D-road proxy; B-coordinates,C-开放路网计算；不是货车/危运合规路线
A0315,GD15,source,湛江,C21,collection,云浮虚拟回收/检测中心,277.0998258571257,281.1812,203.17166666666665,OSRM driving/car,2026-08-15,D-road proxy; B-coordinates,C-开放路网计算；不是货车/危运合规路线
A0316,GD16,source,茂名,C01,collection,广州虚拟回收/检测中心,348.28546413377285,336.3432,228.51666666666668,OSRM driving/car,2026-08-15,D-road proxy; B-coordinates,C-开放路网计算；不是货车/危运合规路线
A0317,GD16,source,茂名,C02,collection,深圳虚拟回收/检测中心,404.74229830480357,385.05490000000003,265.4816666666667,OSRM driving/car,2026-08-15,D-road proxy; B-coordinates,C-开放路网计算；不是货车/危运合规路线
A0318,GD16,source,茂名,C03,collection,珠海虚拟回收/检测中心,337.94547424500036,326.65770000000003,227.54833333333332,OSRM driving/car,2026-08-15,D-road proxy; B-coordinates,C-开放路网计算；不是货车/危运合规路线
A0319,GD16,source,茂名,C04,collection,汕头虚拟回收/检测中心,744.5218279389317,710.4196,487.3833333333333,OSRM driving/car,2026-08-15,D-road proxy; B-coordinates,C-开放路网计算；不是货车/危运合规路线
A0320,GD16,source,茂名,C05,collection,佛山虚拟回收/检测中心,325.92386177012366,315.12579999999997,213.63,OSRM driving/car,2026-08-15,D-road proxy; B-coordinates,C-开放路网计算；不是货车/危运合规路线
A0321,GD16,source,茂名,C06,collection,韶关虚拟回收/检测中心,551.5998500712193,534.7389000000001,385.06166666666667,OSRM driving/car,2026-08-15,D-road proxy; B-coordinates,C-开放路网计算；不是货车/危运合规路线
A0322,GD16,source,茂名,C07,collection,河源虚拟回收/检测中心,603.471574151374,606.8161,429.575,OSRM driving/car,2026-08-15,D-road proxy; B-coordinates,C-开放路网计算；不是货车/危运合规路线
A0323,GD16,source,茂名,C08,collection,梅州虚拟回收/检测中心,728.0835318499868,704.5045,483.4566666666667,OSRM driving/car,2026-08-15,D-road proxy; B-coordinates,C-开放路网计算；不是货车/危运合规路线
A0324,GD16,source,茂名,C09,collection,惠州虚拟回收/检测中心,472.0511550369907,451.71070000000003,309.9866666666667,OSRM driving/car,2026-08-15,D-road proxy; B-coordinates,C-开放路网计算；不是货车/危运合规路线
A0325,GD16,source,茂名,C10,collection,汕尾虚拟回收/检测中心,594.1606647071775,574.3204000000001,404.3283333333333,OSRM driving/car,2026-08-15,D-road proxy; B-coordinates,C-开放路网计算；不是货车/危运合规路线
A0326,GD16,source,茂名,C11,collection,东莞虚拟回收/检测中心,392.5078157037128,383.7491,259.1616666666667,OSRM driving/car,2026-08-15,D-road proxy; B-coordinates,C-开放路网计算；不是货车/危运合规路线
A0327,GD16,source,茂名,C12,collection,中山虚拟回收/检测中心,325.5130888831378,305.12440000000004,208.98166666666665,OSRM driving/car,2026-08-15,D-road proxy; B-coordinates,C-开放路网计算；不是货车/危运合规路线
A0328,GD16,source,茂名,C13,collection,江门虚拟回收/检测中心,293.09106494828376,274.2217,186.315,OSRM driving/car,2026-08-15,D-road proxy; B-coordinates,C-开放路网计算；不是货车/危运合规路线
A0329,GD16,source,茂名,C14,collection,阳江虚拟回收/检测中心,121.20664482511194,128.5038,90.11,OSRM driving/car,2026-08-15,D-road proxy; B-coordinates,C-开放路网计算；不是货车/危运合规路线
A0330,GD16,source,茂名,C15,collection,湛江虚拟回收/检测中心,87.62149652993399,96.57730000000001,69.58666666666666,OSRM driving/car,2026-08-15,D-road proxy; B-coordinates,C-开放路网计算；不是货车/危运合规路线
A0331,GD16,source,茂名,C16,collection,茂名虚拟回收/检测中心,0.0001139223575592041,0.0,0.0,OSRM driving/car,2026-08-15,D-road proxy; B-coordinates,C-开放路网计算；不是货车/危运合规路线
A0332,GD16,source,茂名,C17,collection,肇庆虚拟回收/检测中心,264.97558445306174,256.1699,186.63500000000002,OSRM driving/car,2026-08-15,D-road proxy; B-coordinates,C-开放路网计算；不是货车/危运合规路线
A0333,GD16,source,茂名,C18,collection,清远虚拟回收/检测中心,375.7877970270814,363.3835,262.87333333333333,OSRM driving/car,2026-08-15,D-road proxy; B-coordinates,C-开放路网计算；不是货车/危运合规路线
A0334,GD16,source,茂名,C19,collection,潮州虚拟回收/检测中心,750.2981020093883,718.869,482.65333333333336,OSRM driving/car,2026-08-15,D-road proxy; B-coordinates,C-开放路网计算；不是货车/危运合规路线
A0335,GD16,source,茂名,C20,collection,揭阳虚拟回收/检测中心,716.5986854516393,685.9533,464.6316666666667,OSRM driving/car,2026-08-15,D-road proxy; B-coordinates,C-开放路网计算；不是货车/危运合规路线
A0336,GD16,source,茂名,C21,collection,云浮虚拟回收/检测中心,192.78035000681058,212.2201,149.6,OSRM driving/car,2026-08-15,D-road proxy; B-coordinates,C-开放路网计算；不是货车/危运合规路线
A0337,GD17,source,肇庆,C01,collection,广州虚拟回收/检测中心,98.58397364775895,97.8653,81.24499999999999,OSRM driving/car,2026-08-15,D-road proxy; B-coordinates,C-开放路网计算；不是货车/危运合规路线
A0338,GD17,source,肇庆,C02,collection,深圳虚拟回收/检测中心,207.3785732131572,227.31560000000002,165.75833333333333,OSRM driving/car,2026-08-15,D-road proxy; B-coordinates,C-开放路网计算；不是货车/危运合规路线
A0339,GD17,source,肇庆,C03,collection,珠海虚拟回收/检测中心,171.67709725824648,183.4304,136.80666666666667,OSRM driving/car,2026-08-15,D-road proxy; B-coordinates,C-开放路网计算；不是货车/危运合规路线
A0340,GD17,source,肇庆,C04,collection,汕头虚拟回收/检测中心,518.7961723587362,510.1762,357.9583333333333,OSRM driving/car,2026-08-15,D-road proxy; B-coordinates,C-开放路网计算；不是货车/危运合规路线
A0341,GD17,source,肇庆,C05,collection,佛山虚拟回收/检测中心,80.57782241114403,84.96539999999999,73.87833333333333,OSRM driving/car,2026-08-15,D-road proxy; B-coordinates,C-开放路网计算；不是货车/危运合规路线
A0342,GD17,source,肇庆,C06,collection,韶关虚拟回收/检测中心,289.43307246740227,284.1009,215.84,OSRM driving/car,2026-08-15,D-road proxy; B-coordinates,C-开放路网计算；不是货车/危运合规路线
A0343,GD17,source,肇庆,C07,collection,河源虚拟回收/检测中心,347.2375461741987,370.2673,281.85499999999996,OSRM driving/car,2026-08-15,D-road proxy; B-coordinates,C-开放路网计算；不是货车/危运合规路线
A0344,GD17,source,肇庆,C08,collection,梅州虚拟回收/检测中心,476.58618977707783,479.14340000000004,337.71500000000003,OSRM driving/car,2026-08-15,D-road proxy; B-coordinates,C-开放路网计算；不是货车/危运合规路线
A0345,GD17,source,肇庆,C09,collection,惠州虚拟回收/检测中心,239.7967570099756,236.063,168.925,OSRM driving/car,2026-08-15,D-road proxy; B-coordinates,C-开放路网计算；不是货车/危运合规路线
A0346,GD17,source,肇庆,C10,collection,汕尾虚拟回收/检测中心,374.5160449794057,371.8442,278.31666666666666,OSRM driving/car,2026-08-15,D-road proxy; B-coordinates,C-开放路网计算；不是货车/危运合规路线
A0347,GD17,source,肇庆,C11,collection,东莞虚拟回收/检测中心,157.83268942296343,156.82410000000002,122.795,OSRM driving/car,2026-08-15,D-road proxy; B-coordinates,C-开放路网计算；不是货车/危运合规路线
A0348,GD17,source,肇庆,C12,collection,中山虚拟回收/检测中心,134.2064883138392,141.5263,112.58166666666666,OSRM driving/car,2026-08-15,D-road proxy; B-coordinates,C-开放路网计算；不是货车/危运合规路线
A0349,GD17,source,肇庆,C13,collection,江门虚拟回收/检测中心,98.20082167156956,101.9135,83.305,OSRM driving/car,2026-08-15,D-road proxy; B-coordinates,C-开放路网计算；不是货车/危运合规路线
A0350,GD17,source,肇庆,C14,collection,阳江虚拟回收/检测中心,152.24398513792852,163.82770000000002,126.56166666666667,OSRM driving/car,2026-08-15,D-road proxy; B-coordinates,C-开放路网计算；不是货车/危运合规路线
A0351,GD17,source,肇庆,C15,collection,湛江虚拟回收/检测中心,351.9646269546589,347.37059999999997,250.55333333333334,OSRM driving/car,2026-08-15,D-road proxy; B-coordinates,C-开放路网计算；不是货车/危运合规路线
A0352,GD17,source,肇庆,C16,collection,茂名虚拟回收/检测中心,264.97558445306174,254.60739999999998,194.10833333333332,OSRM driving/car,2026-08-15,D-road proxy; B-coordinates,C-开放路网计算；不是货车/危运合规路线
A0353,GD17,source,肇庆,C17,collection,肇庆虚拟回收/检测中心,0.0,0.0,0.0,OSRM driving/car,2026-08-15,D-road proxy; B-coordinates,C-开放路网计算；不是货车/危运合规路线
A0354,GD17,source,肇庆,C18,collection,清远虚拟回收/检测中心,111.19371737991149,111.92,91.99666666666667,OSRM driving/car,2026-08-15,D-road proxy; B-coordinates,C-开放路网计算；不是货车/危运合规路线
A0355,GD17,source,肇庆,C19,collection,潮州虚拟回收/检测中心,515.9814766304124,504.865,350.345,OSRM driving/car,2026-08-15,D-road proxy; B-coordinates,C-开放路网计算；不是货车/危运合规路线
A0356,GD17,source,肇庆,C20,collection,揭阳虚拟回收/检测中心,483.5501987128742,471.9493,332.3233333333334,OSRM driving/car,2026-08-15,D-road proxy; B-coordinates,C-开放路网计算；不是货车/危运合规路线
A0357,GD17,source,肇庆,C21,collection,云浮虚拟回收/检测中心,84.3101346674444,96.24719999999999,75.16666666666667,OSRM driving/car,2026-08-15,D-road proxy; B-coordinates,C-开放路网计算；不是货车/危运合规路线
A0358,GD18,source,清远,C01,collection,广州虚拟回收/检测中心,78.25907590976536,77.3604,58.531666666666666,OSRM driving/car,2026-08-15,D-road proxy; B-coordinates,C-开放路网计算；不是货车/危运合规路线
A0359,GD18,source,清远,C02,collection,深圳虚拟回收/检测中心,195.61734579697602,204.8805,143.91666666666666,OSRM driving/car,2026-08-15,D-road proxy; B-coordinates,C-开放路网计算；不是货车/危运合规路线
A0360,GD18,source,清远,C03,collection,珠海虚拟回收/检测中心,198.69550482506634,199.00279999999998,146.87,OSRM driving/car,2026-08-15,D-road proxy; B-coordinates,C-开放路网计算；不是货车/危运合规路线
A0361,GD18,source,清远,C04,collection,汕头虚拟回收/检测中心,445.8822972488896,427.3829,305.58,OSRM driving/car,2026-08-15,D-road proxy; B-coordinates,C-开放路网计算；不是货车/危运合规路线
A0362,GD18,source,清远,C05,collection,佛山虚拟回收/检测中心,88.3391479847887,94.902,73.80666666666666,OSRM driving/car,2026-08-15,D-road proxy; B-coordinates,C-开放路网计算；不是货车/危运合规路线
A0363,GD18,source,清远,C06,collection,韶关虚拟回收/检测中心,179.19087548833554,180.8531,141.05,OSRM driving/car,2026-08-15,D-road proxy; B-coordinates,C-开放路网计算；不是货车/危运合规路线
A0364,GD18,source,清远,C07,collection,河源虚拟回收/检测中心,251.14636384742758,287.474,229.47666666666666,OSRM driving/car,2026-08-15,D-road proxy; B-coordinates,C-开放路网计算；不是货车/危运合规路线
A0365,GD18,source,清远,C08,collection,梅州虚拟回收/检测中心,382.548418383279,397.3009,283.3283333333333,OSRM driving/car,2026-08-15,D-road proxy; B-coordinates,C-开放路网计算；不是货车/危运合规路线
A0366,GD18,source,清远,C09,collection,惠州虚拟回收/检测中心,183.368389563571,185.05720000000002,134.575,OSRM driving/car,2026-08-15,D-road proxy; B-coordinates,C-开放路网计算；不是货车/危运合规路线
A0367,GD18,source,清远,C10,collection,汕尾虚拟回收/检测中心,314.3082033676746,320.83840000000004,243.96666666666667,OSRM driving/car,2026-08-15,D-road proxy; B-coordinates,C-开放路网计算；不是货车/危运合规路线
A0368,GD18,source,清远,C11,collection,东莞虚拟回收/检测中心,122.93685817460485,136.18220000000002,101.675,OSRM driving/car,2026-08-15,D-road proxy; B-coordinates,C-开放路网计算；不是货车/危运合规路线
A0369,GD18,source,清远,C12,collection,中山虚拟回收/检测中心,160.66540404712987,156.378,116.74499999999999,OSRM driving/car,2026-08-15,D-road proxy; B-coordinates,C-开放路网计算；不是货车/危运合规路线
A0370,GD18,source,清远,C13,collection,江门虚拟回收/检测中心,147.02898541450745,142.3946,113.225,OSRM driving/car,2026-08-15,D-road proxy; B-coordinates,C-开放路网计算；不是货车/危运合规路线
A0371,GD18,source,清远,C14,collection,阳江虚拟回收/检测中心,262.9480259372752,272.5957,202.69166666666666,OSRM driving/car,2026-08-15,D-road proxy; B-coordinates,C-开放路网计算；不是货车/危运合规路线
A0372,GD18,source,清远,C15,collection,湛江虚拟回收/检测中心,462.40989323879114,472.5423,324.97999999999996,OSRM driving/car,2026-08-15,D-road proxy; B-coordinates,C-开放路网计算；不是货车/危运合规路线
A0373,GD18,source,清远,C16,collection,茂名虚拟回收/检测中心,375.7877970270814,363.3755,270.23833333333334,OSRM driving/car,2026-08-15,D-road proxy; B-coordinates,C-开放路网计算；不是货车/危运合规路线
A0374,GD18,source,清远,C17,collection,肇庆虚拟回收/检测中心,111.19371737991149,109.3077,89.50333333333333,OSRM driving/car,2026-08-15,D-road proxy; B-coordinates,C-开放路网计算；不是货车/危运合规路线
A0375,GD18,source,清远,C18,collection,清远虚拟回收/检测中心,0.0,0.0,0.0,OSRM driving/car,2026-08-15,D-road proxy; B-coordinates,C-开放路网计算；不是货车/危运合规路线
A0376,GD18,source,清远,C19,collection,潮州虚拟回收/检测中心,436.26608004764904,422.0717,297.96666666666664,OSRM driving/car,2026-08-15,D-road proxy; B-coordinates,C-开放路网计算；不是货车/危运合规路线
A0377,GD18,source,清远,C20,collection,揭阳虚拟回收/检测中心,405.9416860213948,389.156,279.945,OSRM driving/car,2026-08-15,D-road proxy; B-coordinates,C-开放路网计算；不是货车/危运合规路线
A0378,GD18,source,清远,C21,collection,云浮虚拟回收/检测中心,188.23018139973763,204.091,149.54500000000002,OSRM driving/car,2026-08-15,D-road proxy; B-coordinates,C-开放路网计算；不是货车/危运合规路线
A0379,GD19,source,潮州,C01,collection,广州虚拟回收/检测中心,417.6343351726079,402.3869,280.30333333333334,OSRM driving/car,2026-08-15,D-road proxy; B-coordinates,C-开放路网计算；不是货车/危运合规路线
A0380,GD19,source,潮州,C02,collection,深圳虚拟回收/检测中心,348.1177194815358,330.90479999999997,235.79500000000002,OSRM driving/car,2026-08-15,D-road proxy; B-coordinates,C-开放路网计算；不是货车/危运合规路线
A0381,GD19,source,潮州,C03,collection,珠海虚拟回收/检测中心,417.4782471021128,441.9423,313.8066666666667,OSRM driving/car,2026-08-15,D-road proxy; B-coordinates,C-开放路网计算；不是货车/危运合规路线
A0382,GD19,source,潮州,C04,collection,汕头虚拟回收/检测中心,40.66307002511119,40.9946,39.92666666666666,OSRM driving/car,2026-08-15,D-road proxy; B-coordinates,C-开放路网计算；不是货车/危运合规路线
A0383,GD19,source,潮州,C05,collection,佛山虚拟回收/检测中心,437.5544631248995,428.2513,298.65,OSRM driving/car,2026-08-15,D-road proxy; B-coordinates,C-开放路网计算；不是货车/危运合规路线
A0384,GD19,source,潮州,C06,collection,韶关虚拟回收/检测中心,375.50319781414925,417.6153,308.53499999999997,OSRM driving/car,2026-08-15,D-road proxy; B-coordinates,C-开放路网计算；不是货车/危运合规路线
A0385,GD19,source,潮州,C07,collection,河源虚拟回收/检测中心,199.69048363956173,219.0197,171.84,OSRM driving/car,2026-08-15,D-road proxy; B-coordinates,C-开放路网计算；不是货车/危运合规路线
A0386,GD19,source,潮州,C08,collection,梅州虚拟回收/检测中心,104.64220370470176,138.8111,98.765,OSRM driving/car,2026-08-15,D-road proxy; B-coordinates,C-开放路网计算；不是货车/危运合规路线
A0387,GD19,source,潮州,C09,collection,惠州虚拟回收/检测中心,279.9607688576769,274.8254,200.32833333333335,OSRM driving/car,2026-08-15,D-road proxy; B-coordinates,C-开放路网计算；不是货车/危运合规路线
A0388,GD19,source,潮州,C10,collection,汕尾虚拟回收/检测中心,160.93051256166157,169.58589999999998,137.645,OSRM driving/car,2026-08-15,D-road proxy; B-coordinates,C-开放路网计算；不是货车/危运合规路线
A0389,GD19,source,潮州,C11,collection,东莞虚拟回收/检测中心,362.40036847399165,350.4906,242.985,OSRM driving/car,2026-08-15,D-road proxy; B-coordinates,C-开放路网计算；不是货车/危运合规路线
A0390,GD19,source,潮州,C12,collection,中山虚拟回收/检测中心,424.85020930041117,408.29490000000004,289.975,OSRM driving/car,2026-08-15,D-road proxy; B-coordinates,C-开放路网计算；不是货车/危运合规路线
A0391,GD19,source,潮州,C13,collection,江门虚拟回收/检测中心,457.9707384090611,441.4133,312.53499999999997,OSRM driving/car,2026-08-15,D-road proxy; B-coordinates,C-开放路网计算；不是货车/危运合规路线
A0392,GD19,source,潮州,C14,collection,阳江虚拟回收/检测中心,630.0503363792635,628.5986,424.62,OSRM driving/car,2026-08-15,D-road proxy; B-coordinates,C-开放路网计算；不是货车/危运合规路线
A0393,GD19,source,潮州,C15,collection,湛江虚拟回收/检测中心,835.335693104037,792.9901,534.3016666666666,OSRM driving/car,2026-08-15,D-road proxy; B-coordinates,C-开放路网计算；不是货车/危运合规路线
A0394,GD19,source,潮州,C16,collection,茂名虚拟回收/检测中心,750.2981020093883,712.2408,483.21666666666664,OSRM driving/car,2026-08-15,D-road proxy; B-coordinates,C-开放路网计算；不是货车/危运合规路线
A0395,GD19,source,潮州,C17,collection,肇庆虚拟回收/检测中心,515.9814766304124,497.6209,349.06666666666666,OSRM driving/car,2026-08-15,D-road proxy; B-coordinates,C-开放路网计算；不是货车/危运合规路线
A0396,GD19,source,潮州,C18,collection,清远虚拟回收/检测中心,436.26608004764904,414.7952,296.29833333333335,OSRM driving/car,2026-08-15,D-road proxy; B-coordinates,C-开放路网计算；不是货车/危运合规路线
A0397,GD19,source,潮州,C19,collection,潮州虚拟回收/检测中心,0.0001139223575592041,0.0,0.0,OSRM driving/car,2026-08-15,D-road proxy; B-coordinates,C-开放路网计算；不是货车/危运合规路线
A0398,GD19,source,潮州,C20,collection,揭阳虚拟回收/检测中心,33.805077808194795,30.5228,23.646666666666665,OSRM driving/car,2026-08-15,D-road proxy; B-coordinates,C-开放路网计算；不是货车/危运合规路线
A0399,GD19,source,潮州,C21,collection,云浮虚拟回收/检测中心,599.5763727397381,584.4921999999999,403.2433333333333,OSRM driving/car,2026-08-15,D-road proxy; B-coordinates,C-开放路网计算；不是货车/危运合规路线
A0400,GD20,source,揭阳,C01,collection,广州虚拟回收/检测中心,385.08202812819275,374.5526,261.9733333333333,OSRM driving/car,2026-08-15,D-road proxy; B-coordinates,C-开放路网计算；不是货车/危运合规路线
A0401,GD20,source,揭阳,C02,collection,深圳虚拟回收/检测中心,314.31523480563175,303.0705,217.465,OSRM driving/car,2026-08-15,D-road proxy; B-coordinates,C-开放路网计算；不是货车/危运合规路线
A0402,GD20,source,揭阳,C03,collection,珠海虚拟回收/检测中心,383.6871953974436,414.108,295.47666666666663,OSRM driving/car,2026-08-15,D-road proxy; B-coordinates,C-开放路网计算；不是货车/危运合规路线
A0403,GD20,source,揭阳,C04,collection,汕头虚拟回收/检测中心,46.098821191901905,46.2965,37.35,OSRM driving/car,2026-08-15,D-road proxy; B-coordinates,C-开放路网计算；不是货车/危运合规路线
A0404,GD20,source,揭阳,C05,collection,佛山虚拟回收/检测中心,404.77843839887186,400.417,280.32,OSRM driving/car,2026-08-15,D-road proxy; B-coordinates,C-开放路网计算；不是货车/危运合规路线
A0405,GD20,source,揭阳,C06,collection,韶关虚拟回收/检测中心,354.3772228511982,390.4708,291.2183333333333,OSRM driving/car,2026-08-15,D-road proxy; B-coordinates,C-开放路网计算；不是货车/危运合规路线
A0406,GD20,source,揭阳,C07,collection,河源虚拟回收/检测中心,175.87360917758068,191.8751,154.52333333333334,OSRM driving/car,2026-08-15,D-road proxy; B-coordinates,C-开放路网计算；不是货车/危运合规路线
A0407,GD20,source,揭阳,C08,collection,梅州虚拟回收/检测中心,103.20676285733127,111.6665,81.44833333333332,OSRM driving/car,2026-08-15,D-road proxy; B-coordinates,C-开放路网计算；不是货车/危运合规路线
A0408,GD20,source,揭阳,C09,collection,惠州虚拟回收/检测中心,246.6776550795714,246.99110000000002,181.99833333333333,OSRM driving/car,2026-08-15,D-road proxy; B-coordinates,C-开放路网计算；不是货车/危运合规路线
A0409,GD20,source,揭阳,C10,collection,汕尾虚拟回收/检测中心,127.54320301757497,141.7516,119.315,OSRM driving/car,2026-08-15,D-road proxy; B-coordinates,C-开放路网计算；不是货车/危运合规路线
A0410,GD20,source,揭阳,C11,collection,东莞虚拟回收/检测中心,329.2829682634781,322.6563,224.655,OSRM driving/car,2026-08-15,D-road proxy; B-coordinates,C-开放路网计算；不是货车/危运合规路线
A0411,GD20,source,揭阳,C12,collection,中山虚拟回收/检测中心,391.1244551256192,380.4606,271.64500000000004,OSRM driving/car,2026-08-15,D-road proxy; B-coordinates,C-开放路网计算；不是货车/危运合规路线
A0412,GD20,source,揭阳,C13,collection,江门虚拟回收/检测中心,424.40000183942857,413.579,294.205,OSRM driving/car,2026-08-15,D-road proxy; B-coordinates,C-开放路网计算；不是货车/危运合规路线
A0413,GD20,source,揭阳,C14,collection,阳江虚拟回收/检测中心,596.4217203202264,600.7644,406.29,OSRM driving/car,2026-08-15,D-road proxy; B-coordinates,C-开放路网计算；不是货车/危运合规路线
A0414,GD20,source,揭阳,C15,collection,湛江虚拟回收/检测中心,801.5756313567111,765.1558,515.9716666666667,OSRM driving/car,2026-08-15,D-road proxy; B-coordinates,C-开放路网计算；不是货车/危运合规路线
A0415,GD20,source,揭阳,C16,collection,茂名虚拟回收/检测中心,716.5986854516393,684.4064000000001,464.88666666666666,OSRM driving/car,2026-08-15,D-road proxy; B-coordinates,C-开放路网计算；不是货车/危运合规路线
A0416,GD20,source,揭阳,C17,collection,肇庆虚拟回收/检测中心,483.5501987128742,469.78659999999996,330.7366666666667,OSRM driving/car,2026-08-15,D-road proxy; B-coordinates,C-开放路网计算；不是货车/危运合规路线
A0417,GD20,source,揭阳,C18,collection,清远虚拟回收/检测中心,405.9416860213948,386.96090000000004,277.9683333333333,OSRM driving/car,2026-08-15,D-road proxy; B-coordinates,C-开放路网计算；不是货车/危运合规路线
A0418,GD20,source,揭阳,C19,collection,潮州虚拟回收/检测中心,33.805077808194795,30.9425,24.279999999999998,OSRM driving/car,2026-08-15,D-road proxy; B-coordinates,C-开放路网计算；不是货车/危运合规路线
A0419,GD20,source,揭阳,C20,collection,揭阳虚拟回收/检测中心,0.0,0.0,0.0,OSRM driving/car,2026-08-15,D-road proxy; B-coordinates,C-开放路网计算；不是货车/危运合规路线
A0420,GD20,source,揭阳,C21,collection,云浮虚拟回收/检测中心,566.9462403145282,556.6579,384.9133333333333,OSRM driving/car,2026-08-15,D-road proxy; B-coordinates,C-开放路网计算；不是货车/危运合规路线
A0421,GD21,source,云浮,C01,collection,广州虚拟回收/检测中心,181.95921019073626,185.1616,131.84333333333333,OSRM driving/car,2026-08-15,D-road proxy; B-coordinates,C-开放路网计算；不是货车/危运合规路线
A0422,GD21,source,云浮,C02,collection,深圳虚拟回收/检测中心,279.6377737499675,286.25079999999997,205.08333333333334,OSRM driving/car,2026-08-15,D-road proxy; B-coordinates,C-开放路网计算；不是货车/危运合规路线
A0423,GD21,source,云浮,C03,collection,珠海虚拟回收/检测中心,230.79716660051145,246.8161,174.98666666666668,OSRM driving/car,2026-08-15,D-road proxy; B-coordinates,C-开放路网计算；不是货车/危运合规路线
A0424,GD21,source,云浮,C04,collection,汕头虚拟回收/检测中心,601.3705692723286,593.8164,412.13,OSRM driving/car,2026-08-15,D-road proxy; B-coordinates,C-开放路网计算；不是货车/危运合规路线
A0425,GD21,source,云浮,C05,collection,佛山虚拟回收/检测中心,162.32048508893257,172.26170000000002,124.47666666666667,OSRM driving/car,2026-08-15,D-road proxy; B-coordinates,C-开放路网计算；不是货车/危运合规路线
A0426,GD21,source,云浮,C06,collection,韶关虚拟回收/检测中心,359.95540729726775,378.5116,275.82,OSRM driving/car,2026-08-15,D-road proxy; B-coordinates,C-开放路网计算；不是货车/危运合规路线
A0427,GD21,source,云浮,C07,collection,河源虚拟回收/检测中心,431.1184555708482,453.9076,336.02666666666664,OSRM driving/car,2026-08-15,D-road proxy; B-coordinates,C-开放路网计算；不是货车/危运合规路线
A0428,GD21,source,云浮,C08,collection,梅州虚拟回收/检测中心,560.7864276308262,562.7836,391.88666666666666,OSRM driving/car,2026-08-15,D-road proxy; B-coordinates,C-开放路网计算；不是货车/危运合规路线
A0429,GD21,source,云浮,C09,collection,惠州虚拟回收/检测中心,321.82250195374496,319.70320000000004,223.09666666666666,OSRM driving/car,2026-08-15,D-road proxy; B-coordinates,C-开放路网计算；不是货车/危运合规路线
A0430,GD21,source,云浮,C10,collection,汕尾虚拟回收/检测中心,455.41833629892034,455.48440000000005,332.48833333333334,OSRM driving/car,2026-08-15,D-road proxy; B-coordinates,C-开放路网计算；不是货车/危运合规路线
A0431,GD21,source,云浮,C11,collection,东莞虚拟回收/检测中心,239.07084014080786,244.1204,173.39333333333335,OSRM driving/car,2026-08-15,D-road proxy; B-coordinates,C-开放路网计算；不是货车/危运合规路线
A0432,GD21,source,云浮,C12,collection,中山虚拟回收/检测中心,199.50503646734242,206.168,150.86166666666668,OSRM driving/car,2026-08-15,D-road proxy; B-coordinates,C-开放路网计算；不是货车/危运合规路线
A0433,GD21,source,云浮,C13,collection,江门虚拟回收/检测中心,160.29151114661695,167.4085,122.115,OSRM driving/car,2026-08-15,D-road proxy; B-coordinates,C-开放路网计算；不是货车/危运合规路线
A0434,GD21,source,云浮,C14,collection,阳江虚拟回收/检测中心,101.30138350861198,125.2613,88.39833333333333,OSRM driving/car,2026-08-15,D-road proxy; B-coordinates,C-开放路网计算；不是货车/危运合规路线
A0435,GD21,source,云浮,C15,collection,湛江虚拟回收/检测中心,277.0998258571257,283.6011,203.00833333333333,OSRM driving/car,2026-08-15,D-road proxy; B-coordinates,C-开放路网计算；不是货车/危运合规路线
A0436,GD21,source,云浮,C16,collection,茂名虚拟回收/检测中心,192.78035000681058,211.8268,148.79833333333332,OSRM driving/car,2026-08-15,D-road proxy; B-coordinates,C-开放路网计算；不是货车/危运合规路线
A0437,GD21,source,云浮,C17,collection,肇庆虚拟回收/检测中心,84.3101346674444,99.117,75.73833333333333,OSRM driving/car,2026-08-15,D-road proxy; B-coordinates,C-开放路网计算；不是货车/危运合规路线
A0438,GD21,source,云浮,C18,collection,清远虚拟回收/检测中心,188.23018139973763,206.3306,151.97666666666666,OSRM driving/car,2026-08-15,D-road proxy; B-coordinates,C-开放路网计算；不是货车/危运合规路线
A0439,GD21,source,云浮,C19,collection,潮州虚拟回收/检测中心,599.5763727397381,588.5052,404.51666666666665,OSRM driving/car,2026-08-15,D-road proxy; B-coordinates,C-开放路网计算；不是货车/危运合规路线
A0440,GD21,source,云浮,C20,collection,揭阳虚拟回收/检测中心,566.9462403145282,555.5895,386.495,OSRM driving/car,2026-08-15,D-road proxy; B-coordinates,C-开放路网计算；不是货车/危运合规路线
A0441,GD21,source,云浮,C21,collection,云浮虚拟回收/检测中心,0.0,0.0,0.0,OSRM driving/car,2026-08-15,D-road proxy; B-coordinates,C-开放路网计算；不是货车/危运合规路线
A0442,C01,collection,广州虚拟回收/检测中心,P01,recycling,汕尾比亚迪废旧动力电池回收项目,259.6891464052893,260.8387,179.55166666666668,OSRM driving/car,2026-08-15,D-road proxy; B-coordinates,C-开放路网计算；不是货车/危运合规路线
A0443,C01,collection,广州虚拟回收/检测中心,P02E,echelon,广东光华科技股份有限公司（梯次功能）,420.22799394481007,414.9252,289.405,OSRM driving/car,2026-08-15,D-road proxy; B-coordinates,C-开放路网计算；不是货车/危运合规路线
A0444,C01,collection,广州虚拟回收/检测中心,P02R,recycling,广东光华科技股份有限公司（再生功能）,420.22799394481007,414.9252,289.405,OSRM driving/car,2026-08-15,D-road proxy; B-coordinates,C-开放路网计算；不是货车/危运合规路线
A0445,C01,collection,广州虚拟回收/检测中心,P03,echelon,深圳深汕特别合作区乾泰技术有限公司,276.7760629013141,274.5215,207.79166666666666,OSRM driving/car,2026-08-15,D-road proxy; B-coordinates,C-开放路网计算；不是货车/危运合规路线
A0446,C01,collection,广州虚拟回收/检测中心,P04,echelon,珠海中力新能源科技有限公司,120.43690722365889,127.8165,94.055,OSRM driving/car,2026-08-15,D-road proxy; B-coordinates,C-开放路网计算；不是货车/危运合规路线
A0447,C01,collection,广州虚拟回收/检测中心,P05,echelon,惠州市恒创睿能环保科技有限公司,141.59962050860264,138.7404,98.4,OSRM driving/car,2026-08-15,D-road proxy; B-coordinates,C-开放路网计算；不是货车/危运合规路线
A0448,C01,collection,广州虚拟回收/检测中心,P06,echelon,江门市朗达锂电池有限公司,76.3956958586808,81.83030000000001,64.17833333333333,OSRM driving/car,2026-08-15,D-road proxy; B-coordinates,C-开放路网计算；不是货车/危运合规路线
A0449,C01,collection,广州虚拟回收/检测中心,P07,echelon,广东迪度新能源有限公司,61.48835744881942,63.2176,48.34666666666667,OSRM driving/car,2026-08-15,D-road proxy; B-coordinates,C-开放路网计算；不是货车/危运合规路线
A0450,C01,collection,广州虚拟回收/检测中心,P08,echelon,东莞市博森新能源有限公司,61.48835744881942,63.2176,48.34666666666667,OSRM driving/car,2026-08-15,D-road proxy; B-coordinates,C-开放路网计算；不是货车/危运合规路线
A0451,C01,collection,广州虚拟回收/检测中心,P09,echelon,广东宇阳新能源有限公司,61.48835744881942,63.2176,48.34666666666667,OSRM driving/car,2026-08-15,D-road proxy; B-coordinates,C-开放路网计算；不是货车/危运合规路线
A0452,C01,collection,广州虚拟回收/检测中心,P10,echelon,广州广汽商贸再生资源有限公司,0.0,0.0,0.0,OSRM driving/car,2026-08-15,D-road proxy; B-coordinates,C-开放路网计算；不是货车/危运合规路线
A0453,C01,collection,广州虚拟回收/检测中心,P11,echelon,深圳市杰成镍钴新能源科技有限公司,125.09932920710673,141.4812,94.66833333333334,OSRM driving/car,2026-08-15,D-road proxy; B-coordinates,C-开放路网计算；不是货车/危运合规路线
A0454,C01,collection,广州虚拟回收/检测中心,P12,recycling,江门市恒创睿能环保科技有限公司,76.3956958586808,81.83030000000001,64.17833333333333,OSRM driving/car,2026-08-15,D-road proxy; B-coordinates,C-开放路网计算；不是货车/危运合规路线
A0455,C01,collection,广州虚拟回收/检测中心,P13,recycling,广东佳纳能源科技有限公司,78.25907590976536,78.0213,59.126666666666665,OSRM driving/car,2026-08-15,D-road proxy; B-coordinates,C-开放路网计算；不是货车/危运合规路线
A0456,C01,collection,广州虚拟回收/检测中心,P14,echelon,格林美（深圳）循环科技有限公司,125.09932920710673,141.4812,94.66833333333334,OSRM driving/car,2026-08-15,D-road proxy; B-coordinates,C-开放路网计算；不是货车/危运合规路线
A0457,C01,collection,广州虚拟回收/检测中心,P15,echelon,绿循新能源科技（佛山）有限责任公司,22.448811015599897,25.4265,23.546666666666667,OSRM driving/car,2026-08-15,D-road proxy; B-coordinates,C-开放路网计算；不是货车/危运合规路线
A0458,C01,collection,广州虚拟回收/检测中心,P16,echelon,深圳艾云动智慧科技有限公司,125.09932920710673,141.4812,94.66833333333334,OSRM driving/car,2026-08-15,D-road proxy; B-coordinates,C-开放路网计算；不是货车/危运合规路线
A0459,C01,collection,广州虚拟回收/检测中心,P17,echelon,深圳市荣高晟新能源科技有限公司,125.09932920710673,141.4812,94.66833333333334,OSRM driving/car,2026-08-15,D-road proxy; B-coordinates,C-开放路网计算；不是货车/危运合规路线
A0460,C01,collection,广州虚拟回收/检测中心,P18,echelon,中商锂新能源科技（惠州）有限公司,141.59962050860264,138.7404,98.4,OSRM driving/car,2026-08-15,D-road proxy; B-coordinates,C-开放路网计算；不是货车/危运合规路线
A0461,C01,collection,广州虚拟回收/检测中心,P19,recycling,广东盛祥新材料科技有限公司,237.03724939624288,232.97320000000002,167.92833333333334,OSRM driving/car,2026-08-15,D-road proxy; B-coordinates,C-开放路网计算；不是货车/危运合规路线
A0462,C01,collection,广州虚拟回收/检测中心,P20E,echelon,广东金晟新能源股份有限公司（梯次功能）,98.58397364775895,97.76219999999999,78.89666666666668,OSRM driving/car,2026-08-15,D-road proxy; B-coordinates,C-开放路网计算；不是货车/危运合规路线
A0463,C01,collection,广州虚拟回收/检测中心,P20R,recycling,广东金晟新能源股份有限公司（再生功能）,98.58397364775895,97.76219999999999,78.89666666666668,OSRM driving/car,2026-08-15,D-road proxy; B-coordinates,C-开放路网计算；不是货车/危运合规路线
A0464,C01,collection,广州虚拟回收/检测中心,P21E,echelon,广东瑞科美电源技术有限公司（梯次功能）,22.448811015599897,25.4265,23.546666666666667,OSRM driving/car,2026-08-15,D-road proxy; B-coordinates,C-开放路网计算；不是货车/危运合规路线
A0465,C01,collection,广州虚拟回收/检测中心,P21R,recycling,广东瑞科美电源技术有限公司（再生功能）,22.448811015599897,25.4265,23.546666666666667,OSRM driving/car,2026-08-15,D-road proxy; B-coordinates,C-开放路网计算；不是货车/危运合规路线
A0466,C02,collection,深圳虚拟回收/检测中心,P01,recycling,汕尾比亚迪废旧动力电池回收项目,164.12761660705732,159.5111,112.195,OSRM driving/car,2026-08-15,D-road proxy; B-coordinates,C-开放路网计算；不是货车/危运合规路线
A0467,C02,collection,深圳虚拟回收/检测中心,P02E,echelon,广东光华科技股份有限公司（梯次功能）,340.00628858069996,331.2585,229.19833333333332,OSRM driving/car,2026-08-15,D-road proxy; B-coordinates,C-开放路网计算；不是货车/危运合规路线
A0468,C02,collection,深圳虚拟回收/检测中心,P02R,recycling,广东光华科技股份有限公司（再生功能）,340.00628858069996,331.2585,229.19833333333332,OSRM driving/car,2026-08-15,D-road proxy; B-coordinates,C-开放路网计算；不是货车/危运合规路线
A0469,C02,collection,深圳虚拟回收/检测中心,P03,echelon,深圳深汕特别合作区乾泰技术有限公司,189.62625214547197,186.97289999999998,148.00833333333333,OSRM driving/car,2026-08-15,D-road proxy; B-coordinates,C-开放路网计算；不是货车/危运合规路线
A0470,C02,collection,深圳虚拟回收/检测中心,P04,echelon,珠海中力新能源科技有限公司,69.62293789389439,102.4739,87.705,OSRM driving/car,2026-08-15,D-road proxy; B-coordinates,C-开放路网计算；不是货车/危运合规路线
A0471,C02,collection,深圳虚拟回收/检测中心,P05,echelon,惠州市恒创睿能环保科技有限公司,87.65338268455065,88.19930000000001,71.375,OSRM driving/car,2026-08-15,D-road proxy; B-coordinates,C-开放路网计算；不是货车/危运合规路线
A0472,C02,collection,深圳虚拟回收/检测中心,P06,echelon,江门市朗达锂电池有限公司,120.66466151382667,120.5209,93.03999999999999,OSRM driving/car,2026-08-15,D-road proxy; B-coordinates,C-开放路网计算；不是货车/危运合规路线
A0473,C02,collection,深圳虚拟回收/检测中心,P07,echelon,广东迪度新能源有限公司,73.7874966555125,74.1049,55.56333333333334,OSRM driving/car,2026-08-15,D-road proxy; B-coordinates,C-开放路网计算；不是货车/危运合规路线
A0474,C02,collection,深圳虚拟回收/检测中心,P08,echelon,东莞市博森新能源有限公司,73.7874966555125,74.1049,55.56333333333334,OSRM driving/car,2026-08-15,D-road proxy; B-coordinates,C-开放路网计算；不是货车/危运合规路线
A0475,C02,collection,深圳虚拟回收/检测中心,P09,echelon,广东宇阳新能源有限公司,73.7874966555125,74.1049,55.56333333333334,OSRM driving/car,2026-08-15,D-road proxy; B-coordinates,C-开放路网计算；不是货车/危运合规路线
A0476,C02,collection,深圳虚拟回收/检测中心,P10,echelon,广州广汽商贸再生资源有限公司,125.09932920710673,135.1178,93.51,OSRM driving/car,2026-08-15,D-road proxy; B-coordinates,C-开放路网计算；不是货车/危运合规路线
A0477,C02,collection,深圳虚拟回收/检测中心,P11,echelon,深圳市杰成镍钴新能源科技有限公司,0.0,0.0,0.0,OSRM driving/car,2026-08-15,D-road proxy; B-coordinates,C-开放路网计算；不是货车/危运合规路线
A0478,C02,collection,深圳虚拟回收/检测中心,P12,recycling,江门市恒创睿能环保科技有限公司,120.66466151382667,120.5209,93.03999999999999,OSRM driving/car,2026-08-15,D-road proxy; B-coordinates,C-开放路网计算；不是货车/危运合规路线
A0479,C02,collection,深圳虚拟回收/检测中心,P13,recycling,广东佳纳能源科技有限公司,195.61734579697602,200.8077,143.95166666666668,OSRM driving/car,2026-08-15,D-road proxy; B-coordinates,C-开放路网计算；不是货车/危运合规路线
A0480,C02,collection,深圳虚拟回收/检测中心,P14,echelon,格林美（深圳）循环科技有限公司,0.0,0.0,0.0,OSRM driving/car,2026-08-15,D-road proxy; B-coordinates,C-开放路网计算；不是货车/危运合规路线
A0481,C02,collection,深圳虚拟回收/检测中心,P15,echelon,绿循新能源科技（佛山）有限责任公司,132.00168158093638,132.89079999999998,100.74833333333332,OSRM driving/car,2026-08-15,D-road proxy; B-coordinates,C-开放路网计算；不是货车/危运合规路线
A0482,C02,collection,深圳虚拟回收/检测中心,P16,echelon,深圳艾云动智慧科技有限公司,0.0,0.0,0.0,OSRM driving/car,2026-08-15,D-road proxy; B-coordinates,C-开放路网计算；不是货车/危运合规路线
A0483,C02,collection,深圳虚拟回收/检测中心,P17,echelon,深圳市荣高晟新能源科技有限公司,0.0,0.0,0.0,OSRM driving/car,2026-08-15,D-road proxy; B-coordinates,C-开放路网计算；不是货车/危运合规路线
A0484,C02,collection,深圳虚拟回收/检测中心,P18,echelon,中商锂新能源科技（惠州）有限公司,87.65338268455065,88.19930000000001,71.375,OSRM driving/car,2026-08-15,D-road proxy; B-coordinates,C-开放路网计算；不是货车/危运合规路线
A0485,C02,collection,深圳虚拟回收/检测中心,P19,recycling,广东盛祥新材料科技有限公司,306.47442199910176,337.2787,235.21666666666667,OSRM driving/car,2026-08-15,D-road proxy; B-coordinates,C-开放路网计算；不是货车/危运合规路线
A0486,C02,collection,深圳虚拟回收/检测中心,P20E,echelon,广东金晟新能源股份有限公司（梯次功能）,207.3785732131572,216.95839999999998,159.94,OSRM driving/car,2026-08-15,D-road proxy; B-coordinates,C-开放路网计算；不是货车/危运合规路线
A0487,C02,collection,深圳虚拟回收/检测中心,P20R,recycling,广东金晟新能源股份有限公司（再生功能）,207.3785732131572,216.95839999999998,159.94,OSRM driving/car,2026-08-15,D-road proxy; B-coordinates,C-开放路网计算；不是货车/危运合规路线
A0488,C02,collection,深圳虚拟回收/检测中心,P21E,echelon,广东瑞科美电源技术有限公司（梯次功能）,132.00168158093638,132.89079999999998,100.74833333333332,OSRM driving/car,2026-08-15,D-road proxy; B-coordinates,C-开放路网计算；不是货车/危运合规路线
A0489,C02,collection,深圳虚拟回收/检测中心,P21R,recycling,广东瑞科美电源技术有限公司（再生功能）,132.00168158093638,132.89079999999998,100.74833333333332,OSRM driving/car,2026-08-15,D-road proxy; B-coordinates,C-开放路网计算；不是货车/危运合规路线
A0490,C03,collection,珠海虚拟回收/检测中心,P01,recycling,汕尾比亚迪废旧动力电池回收项目,231.57304041975937,255.755,191.25333333333336,OSRM driving/car,2026-08-15,D-road proxy; B-coordinates,C-开放路网计算；不是货车/危运合规路线
A0491,C03,collection,珠海虚拟回收/检测中心,P02E,echelon,广东光华科技股份有限公司（梯次功能）,408.34484310771325,427.5025,308.2566666666667,OSRM driving/car,2026-08-15,D-road proxy; B-coordinates,C-开放路网计算；不是货车/危运合规路线
A0492,C03,collection,珠海虚拟回收/检测中心,P02R,recycling,广东光华科技股份有限公司（再生功能）,408.34484310771325,427.5025,308.2566666666667,OSRM driving/car,2026-08-15,D-road proxy; B-coordinates,C-开放路网计算；不是货车/危运合规路线
A0493,C03,collection,珠海虚拟回收/检测中心,P03,echelon,深圳深汕特别合作区乾泰技术有限公司,258.19268317474746,283.2169,227.06666666666666,OSRM driving/car,2026-08-15,D-road proxy; B-coordinates,C-开放路网计算；不是货车/危运合规路线
A0494,C03,collection,珠海虚拟回收/检测中心,P04,echelon,珠海中力新能源科技有限公司,0.0,0.0,0.0,OSRM driving/car,2026-08-15,D-road proxy; B-coordinates,C-开放路网计算；不是货车/危运合规路线
A0495,C03,collection,珠海虚拟回收/检测中心,P05,echelon,惠州市恒创睿能环保科技有限公司,152.4261811714796,189.6078,139.17333333333332,OSRM driving/car,2026-08-15,D-road proxy; B-coordinates,C-开放路网计算；不是货车/危运合规路线
A0496,C03,collection,珠海虚拟回收/检测中心,P06,echelon,江门市朗达锂电池有限公司,73.6969883389518,81.7238,63.93833333333334,OSRM driving/car,2026-08-15,D-road proxy; B-coordinates,C-开放路网计算；不是货车/危运合规路线
A0497,C03,collection,珠海虚拟回收/检测中心,P07,echelon,广东迪度新能源有限公司,101.6188477233397,124.11760000000001,95.23666666666666,OSRM driving/car,2026-08-15,D-road proxy; B-coordinates,C-开放路网计算；不是货车/危运合规路线
A0498,C03,collection,珠海虚拟回收/检测中心,P08,echelon,东莞市博森新能源有限公司,101.6188477233397,124.11760000000001,95.23666666666666,OSRM driving/car,2026-08-15,D-road proxy; B-coordinates,C-开放路网计算；不是货车/危运合规路线
A0499,C03,collection,珠海虚拟回收/检测中心,P09,echelon,广东宇阳新能源有限公司,101.6188477233397,124.11760000000001,95.23666666666666,OSRM driving/car,2026-08-15,D-road proxy; B-coordinates,C-开放路网计算；不是货车/危运合规路线
A0500,C03,collection,珠海虚拟回收/检测中心,P10,echelon,广州广汽商贸再生资源有限公司,120.43690722365889,126.5484,90.98333333333333,OSRM driving/car,2026-08-15,D-road proxy; B-coordinates,C-开放路网计算；不是货车/危运合规路线
A0501,C03,collection,珠海虚拟回收/检测中心,P11,echelon,深圳市杰成镍钴新能源科技有限公司,69.62293789389439,102.1378,86.355,OSRM driving/car,2026-08-15,D-road proxy; B-coordinates,C-开放路网计算；不是货车/危运合规路线
A0502,C03,collection,珠海虚拟回收/检测中心,P12,recycling,江门市恒创睿能环保科技有限公司,73.6969883389518,81.7238,63.93833333333334,OSRM driving/car,2026-08-15,D-road proxy; B-coordinates,C-开放路网计算；不是货车/危运合规路线
A0503,C03,collection,珠海虚拟回收/检测中心,P13,recycling,广东佳纳能源科技有限公司,198.69550482506634,200.6153,145.05333333333334,OSRM driving/car,2026-08-15,D-road proxy; B-coordinates,C-开放路网计算；不是货车/危运合规路线
A0504,C03,collection,珠海虚拟回收/检测中心,P14,echelon,格林美（深圳）循环科技有限公司,69.62293789389439,102.1378,86.355,OSRM driving/car,2026-08-15,D-road proxy; B-coordinates,C-开放路网计算；不是货车/危运合规路线
A0505,C03,collection,珠海虚拟回收/检测中心,P15,echelon,绿循新能源科技（佛山）有限责任公司,114.79211666369928,120.55080000000001,88.81,OSRM driving/car,2026-08-15,D-road proxy; B-coordinates,C-开放路网计算；不是货车/危运合规路线
A0506,C03,collection,珠海虚拟回收/检测中心,P16,echelon,深圳艾云动智慧科技有限公司,69.62293789389439,102.1378,86.355,OSRM driving/car,2026-08-15,D-road proxy; B-coordinates,C-开放路网计算；不是货车/危运合规路线
A0507,C03,collection,珠海虚拟回收/检测中心,P17,echelon,深圳市荣高晟新能源科技有限公司,69.62293789389439,102.1378,86.355,OSRM driving/car,2026-08-15,D-road proxy; B-coordinates,C-开放路网计算；不是货车/危运合规路线
A0508,C03,collection,珠海虚拟回收/检测中心,P18,echelon,中商锂新能源科技（惠州）有限公司,152.4261811714796,189.6078,139.17333333333332,OSRM driving/car,2026-08-15,D-road proxy; B-coordinates,C-开放路网计算；不是货车/危运合规路线
A0509,C03,collection,珠海虚拟回收/检测中心,P19,recycling,广东盛祥新材料科技有限公司,342.51517338462924,356.7178,249.975,OSRM driving/car,2026-08-15,D-road proxy; B-coordinates,C-开放路网计算；不是货车/危运合规路线
A0510,C03,collection,珠海虚拟回收/检测中心,P20E,echelon,广东金晟新能源股份有限公司（梯次功能）,171.67709725824648,183.1347,135.76166666666666,OSRM driving/car,2026-08-15,D-road proxy; B-coordinates,C-开放路网计算；不是货车/危运合规路线
A0511,C03,collection,珠海虚拟回收/检测中心,P20R,recycling,广东金晟新能源股份有限公司（再生功能）,171.67709725824648,183.1347,135.76166666666666,OSRM driving/car,2026-08-15,D-road proxy; B-coordinates,C-开放路网计算；不是货车/危运合规路线
A0512,C03,collection,珠海虚拟回收/检测中心,P21E,echelon,广东瑞科美电源技术有限公司（梯次功能）,114.79211666369928,120.55080000000001,88.81,OSRM driving/car,2026-08-15,D-road proxy; B-coordinates,C-开放路网计算；不是货车/危运合规路线
A0513,C03,collection,珠海虚拟回收/检测中心,P21R,recycling,广东瑞科美电源技术有限公司（再生功能）,114.79211666369928,120.55080000000001,88.81,OSRM driving/car,2026-08-15,D-road proxy; B-coordinates,C-开放路网计算；不是货车/危运合规路线
A0514,C04,collection,汕头虚拟回收/检测中心,P01,recycling,汕尾比亚迪废旧动力电池回收项目,177.09718310482035,178.3081,125.20666666666666,OSRM driving/car,2026-08-15,D-road proxy; B-coordinates,C-开放路网计算；不是货车/危运合规路线
A0515,C04,collection,汕头虚拟回收/检测中心,P02E,echelon,广东光华科技股份有限公司（梯次功能）,0.0,0.0,0.0,OSRM driving/car,2026-08-15,D-road proxy; B-coordinates,C-开放路网计算；不是货车/危运合规路线
A0516,C04,collection,汕头虚拟回收/检测中心,P02R,recycling,广东光华科技股份有限公司（再生功能）,0.0,0.0,0.0,OSRM driving/car,2026-08-15,D-road proxy; B-coordinates,C-开放路网计算；不是货车/危运合规路线
A0517,C04,collection,汕头虚拟回收/检测中心,P03,echelon,深圳深汕特别合作区乾泰技术有限公司,150.39117711768017,164.7196,132.48166666666665,OSRM driving/car,2026-08-15,D-road proxy; B-coordinates,C-开放路网计算；不是货车/危运合规路线
A0518,C04,collection,汕头虚拟回收/检测中心,P04,echelon,珠海中力新能源科技有限公司,408.34484310771325,429.8842,312.43,OSRM driving/car,2026-08-15,D-road proxy; B-coordinates,C-开放路网计算；不是货车/危运合规路线
A0519,C04,collection,汕头虚拟回收/检测中心,P05,echelon,惠州市恒创睿能环保科技有限公司,279.59950256039025,287.5241,208.64,OSRM driving/car,2026-08-15,D-road proxy; B-coordinates,C-开放路网计算；不是货车/危运合规路线
A0520,C04,collection,汕头虚拟回收/检测中心,P06,echelon,江门市朗达锂电池有限公司,454.35854812853415,447.9312,317.76500000000004,OSRM driving/car,2026-08-15,D-road proxy; B-coordinates,C-开放路网计算；不是货车/危运合规路线
A0521,C04,collection,汕头虚拟回收/检测中心,P07,echelon,广东迪度新能源有限公司,362.4792813676039,363.1892,251.29666666666665,OSRM driving/car,2026-08-15,D-road proxy; B-coordinates,C-开放路网计算；不是货车/危运合规路线
A0522,C04,collection,汕头虚拟回收/检测中心,P08,echelon,东莞市博森新能源有限公司,362.4792813676039,363.1892,251.29666666666665,OSRM driving/car,2026-08-15,D-road proxy; B-coordinates,C-开放路网计算；不是货车/危运合规路线
A0523,C04,collection,汕头虚拟回收/检测中心,P09,echelon,广东宇阳新能源有限公司,362.4792813676039,363.1892,251.29666666666665,OSRM driving/car,2026-08-15,D-road proxy; B-coordinates,C-开放路网计算；不是货车/危运合规路线
A0524,C04,collection,汕头虚拟回收/检测中心,P10,echelon,广州广汽商贸再生资源有限公司,420.22799394481007,415.0856,288.615,OSRM driving/car,2026-08-15,D-road proxy; B-coordinates,C-开放路网计算；不是货车/危运合规路线
A0525,C04,collection,汕头虚拟回收/检测中心,P11,echelon,深圳市杰成镍钴新能源科技有限公司,340.00628858069996,332.09520000000003,230.66666666666666,OSRM driving/car,2026-08-15,D-road proxy; B-coordinates,C-开放路网计算；不是货车/危运合规路线
A0526,C04,collection,汕头虚拟回收/检测中心,P12,recycling,江门市恒创睿能环保科技有限公司,454.35854812853415,447.9312,317.76500000000004,OSRM driving/car,2026-08-15,D-road proxy; B-coordinates,C-开放路网计算；不是货车/危运合规路线
A0527,C04,collection,汕头虚拟回收/检测中心,P13,recycling,广东佳纳能源科技有限公司,445.8822972488896,427.49379999999996,304.60999999999996,OSRM driving/car,2026-08-15,D-road proxy; B-coordinates,C-开放路网计算；不是货车/危运合规路线
A0528,C04,collection,汕头虚拟回收/检测中心,P14,echelon,格林美（深圳）循环科技有限公司,340.00628858069996,332.09520000000003,230.66666666666666,OSRM driving/car,2026-08-15,D-road proxy; B-coordinates,C-开放路网计算；不是货车/危运合规路线
A0529,C04,collection,汕头虚拟回收/检测中心,P15,echelon,绿循新能源科技（佛山）有限责任公司,439.0782039792669,440.9499,306.9616666666667,OSRM driving/car,2026-08-15,D-road proxy; B-coordinates,C-开放路网计算；不是货车/危运合规路线
A0530,C04,collection,汕头虚拟回收/检测中心,P16,echelon,深圳艾云动智慧科技有限公司,340.00628858069996,332.09520000000003,230.66666666666666,OSRM driving/car,2026-08-15,D-road proxy; B-coordinates,C-开放路网计算；不是货车/危运合规路线
A0531,C04,collection,汕头虚拟回收/检测中心,P17,echelon,深圳市荣高晟新能源科技有限公司,340.00628858069996,332.09520000000003,230.66666666666666,OSRM driving/car,2026-08-15,D-road proxy; B-coordinates,C-开放路网计算；不是货车/危运合规路线
A0532,C04,collection,汕头虚拟回收/检测中心,P18,echelon,中商锂新能源科技（惠州）有限公司,279.59950256039025,287.5241,208.64,OSRM driving/car,2026-08-15,D-road proxy; B-coordinates,C-开放路网计算；不是货车/危运合规路线
A0533,C04,collection,汕头虚拟回收/检测中心,P19,recycling,广东盛祥新材料科技有限公司,400.29631081436423,434.0546,322.81666666666666,OSRM driving/car,2026-08-15,D-road proxy; B-coordinates,C-开放路网计算；不是货车/危运合规路线
A0534,C04,collection,汕头虚拟回收/检测中心,P20E,echelon,广东金晟新能源股份有限公司（梯次功能）,518.7961723587362,510.3195,357.37833333333333,OSRM driving/car,2026-08-15,D-road proxy; B-coordinates,C-开放路网计算；不是货车/危运合规路线
A0535,C04,collection,汕头虚拟回收/检测中心,P20R,recycling,广东金晟新能源股份有限公司（再生功能）,518.7961723587362,510.3195,357.37833333333333,OSRM driving/car,2026-08-15,D-road proxy; B-coordinates,C-开放路网计算；不是货车/危运合规路线
A0536,C04,collection,汕头虚拟回收/检测中心,P21E,echelon,广东瑞科美电源技术有限公司（梯次功能）,439.0782039792669,440.9499,306.9616666666667,OSRM driving/car,2026-08-15,D-road proxy; B-coordinates,C-开放路网计算；不是货车/危运合规路线
A0537,C04,collection,汕头虚拟回收/检测中心,P21R,recycling,广东瑞科美电源技术有限公司（再生功能）,439.0782039792669,440.9499,306.9616666666667,OSRM driving/car,2026-08-15,D-road proxy; B-coordinates,C-开放路网计算；不是货车/危运合规路线
A0538,C05,collection,佛山虚拟回收/检测中心,P01,recycling,汕尾比亚迪废旧动力电池回收项目,275.5659505000891,276.3439,192.87166666666664,OSRM driving/car,2026-08-15,D-road proxy; B-coordinates,C-开放路网计算；不是货车/危运合规路线
A0539,C05,collection,佛山虚拟回收/检测中心,P02E,echelon,广东光华科技股份有限公司（梯次功能）,439.0782039792669,439.7362,305.28499999999997,OSRM driving/car,2026-08-15,D-road proxy; B-coordinates,C-开放路网计算；不是货车/危运合规路线
A0540,C05,collection,佛山虚拟回收/检测中心,P02R,recycling,广东光华科技股份有限公司（再生功能）,439.0782039792669,439.7362,305.28499999999997,OSRM driving/car,2026-08-15,D-road proxy; B-coordinates,C-开放路网计算；不是货车/危运合规路线
A0541,C05,collection,佛山虚拟回收/检测中心,P03,echelon,深圳深汕特别合作区乾泰技术有限公司,294.0126610717624,289.87640000000005,219.34666666666666,OSRM driving/car,2026-08-15,D-road proxy; B-coordinates,C-开放路网计算；不是货车/危运合规路线
A0542,C05,collection,佛山虚拟回收/检测中心,P04,echelon,珠海中力新能源科技有限公司,114.79211666369928,120.1601,90.02,OSRM driving/car,2026-08-15,D-road proxy; B-coordinates,C-开放路网计算；不是货车/危运合规路线
A0543,C05,collection,佛山虚拟回收/检测中心,P05,echelon,惠州市恒创睿能环保科技有限公司,159.63127925962104,157.8114,117.81333333333333,OSRM driving/car,2026-08-15,D-road proxy; B-coordinates,C-开放路网计算；不是货车/危运合规路线
A0544,C05,collection,佛山虚拟回收/检测中心,P06,echelon,江门市朗达锂电池有限公司,59.22325916789457,66.31339999999999,52.69833333333334,OSRM driving/car,2026-08-15,D-road proxy; B-coordinates,C-开放路网计算；不是货车/危运合规路线
A0545,C05,collection,佛山虚拟回收/检测中心,P07,echelon,广东迪度新能源有限公司,77.28343572424338,81.8258,64.91,OSRM driving/car,2026-08-15,D-road proxy; B-coordinates,C-开放路网计算；不是货车/危运合规路线
A0546,C05,collection,佛山虚拟回收/检测中心,P08,echelon,东莞市博森新能源有限公司,77.28343572424338,81.8258,64.91,OSRM driving/car,2026-08-15,D-road proxy; B-coordinates,C-开放路网计算；不是货车/危运合规路线
A0547,C05,collection,佛山虚拟回收/检测中心,P09,echelon,广东宇阳新能源有限公司,77.28343572424338,81.8258,64.91,OSRM driving/car,2026-08-15,D-road proxy; B-coordinates,C-开放路网计算；不是货车/危运合规路线
A0548,C05,collection,佛山虚拟回收/检测中心,P10,echelon,广州广汽商贸再生资源有限公司,22.448811015599897,24.544700000000002,21.89333333333333,OSRM driving/car,2026-08-15,D-road proxy; B-coordinates,C-开放路网计算；不是货车/危运合规路线
A0549,C05,collection,佛山虚拟回收/检测中心,P11,echelon,深圳市杰成镍钴新能源科技有限公司,132.00168158093638,142.9087,101.89,OSRM driving/car,2026-08-15,D-road proxy; B-coordinates,C-开放路网计算；不是货车/危运合规路线
A0550,C05,collection,佛山虚拟回收/检测中心,P12,recycling,江门市恒创睿能环保科技有限公司,59.22325916789457,66.31339999999999,52.69833333333334,OSRM driving/car,2026-08-15,D-road proxy; B-coordinates,C-开放路网计算；不是货车/危运合规路线
A0551,C05,collection,佛山虚拟回收/检测中心,P13,recycling,广东佳纳能源科技有限公司,88.3391479847887,94.4498,73.91333333333334,OSRM driving/car,2026-08-15,D-road proxy; B-coordinates,C-开放路网计算；不是货车/危运合规路线
A0552,C05,collection,佛山虚拟回收/检测中心,P14,echelon,格林美（深圳）循环科技有限公司,132.00168158093638,142.9087,101.89,OSRM driving/car,2026-08-15,D-road proxy; B-coordinates,C-开放路网计算；不是货车/危运合规路线
A0553,C05,collection,佛山虚拟回收/检测中心,P15,echelon,绿循新能源科技（佛山）有限责任公司,0.0,0.0,0.0,OSRM driving/car,2026-08-15,D-road proxy; B-coordinates,C-开放路网计算；不是货车/危运合规路线
A0554,C05,collection,佛山虚拟回收/检测中心,P16,echelon,深圳艾云动智慧科技有限公司,132.00168158093638,142.9087,101.89,OSRM driving/car,2026-08-15,D-road proxy; B-coordinates,C-开放路网计算；不是货车/危运合规路线
A0555,C05,collection,佛山虚拟回收/检测中心,P17,echelon,深圳市荣高晟新能源科技有限公司,132.00168158093638,142.9087,101.89,OSRM driving/car,2026-08-15,D-road proxy; B-coordinates,C-开放路网计算；不是货车/危运合规路线
A0556,C05,collection,佛山虚拟回收/检测中心,P18,echelon,中商锂新能源科技（惠州）有限公司,159.63127925962104,157.8114,117.81333333333333,OSRM driving/car,2026-08-15,D-road proxy; B-coordinates,C-开放路网计算；不是货车/危运合规路线
A0557,C05,collection,佛山虚拟回收/检测中心,P19,recycling,广东盛祥新材料科技有限公司,255.76122145140755,255.2269,186.15666666666667,OSRM driving/car,2026-08-15,D-road proxy; B-coordinates,C-开放路网计算；不是货车/危运合规路线
A0558,C05,collection,佛山虚拟回收/检测中心,P20E,echelon,广东金晟新能源股份有限公司（梯次功能）,80.57782241114403,85.2239,70.57333333333332,OSRM driving/car,2026-08-15,D-road proxy; B-coordinates,C-开放路网计算；不是货车/危运合规路线
A0559,C05,collection,佛山虚拟回收/检测中心,P20R,recycling,广东金晟新能源股份有限公司（再生功能）,80.57782241114403,85.2239,70.57333333333332,OSRM driving/car,2026-08-15,D-road proxy; B-coordinates,C-开放路网计算；不是货车/危运合规路线
A0560,C05,collection,佛山虚拟回收/检测中心,P21E,echelon,广东瑞科美电源技术有限公司（梯次功能）,0.0,0.0,0.0,OSRM driving/car,2026-08-15,D-road proxy; B-coordinates,C-开放路网计算；不是货车/危运合规路线
A0561,C05,collection,佛山虚拟回收/检测中心,P21R,recycling,广东瑞科美电源技术有限公司（再生功能）,0.0,0.0,0.0,OSRM driving/car,2026-08-15,D-road proxy; B-coordinates,C-开放路网计算；不是货车/危运合规路线
A0562,C06,collection,韶关虚拟回收/检测中心,P01,recycling,汕尾比亚迪废旧动力电池回收项目,325.1926122366196,384.46259999999995,282.59833333333336,OSRM driving/car,2026-08-15,D-road proxy; B-coordinates,C-开放路网计算；不是货车/危运合规路线
A0563,C06,collection,韶关虚拟回收/检测中心,P02E,echelon,广东光华科技股份有限公司（梯次功能）,400.29631081436423,433.9995,324.35,OSRM driving/car,2026-08-15,D-road proxy; B-coordinates,C-开放路网计算；不是货车/危运合规路线
A0564,C06,collection,韶关虚拟回收/检测中心,P02R,recycling,广东光华科技股份有限公司（再生功能）,400.29631081436423,433.9995,324.35,OSRM driving/car,2026-08-15,D-road proxy; B-coordinates,C-开放路网计算；不是货车/危运合规路线
A0565,C06,collection,韶关虚拟回收/检测中心,P03,echelon,深圳深汕特别合作区乾泰技术有限公司,318.73774688823676,398.1455,310.8383333333333,OSRM driving/car,2026-08-15,D-road proxy; B-coordinates,C-开放路网计算；不是货车/危运合规路线
A0566,C06,collection,韶关虚拟回收/检测中心,P04,echelon,珠海中力新能源科技有限公司,342.51517338462924,357.90540000000004,254.56,OSRM driving/car,2026-08-15,D-road proxy; B-coordinates,C-开放路网计算；不是货车/危运合规路线
A0567,C06,collection,韶关虚拟回收/检测中心,P05,echelon,惠州市恒创睿能环保科技有限公司,240.57838750981594,272.4595,209.82999999999998,OSRM driving/car,2026-08-15,D-road proxy; B-coordinates,C-开放路网计算；不是货车/危运合规路线
A0568,C06,collection,韶关虚拟回收/检测中心,P06,echelon,江门市朗达锂电池有限公司,313.42946331342586,314.6585,229.18666666666667,OSRM driving/car,2026-08-15,D-road proxy; B-coordinates,C-开放路网计算；不是货车/危运合规路线
A0569,C06,collection,韶关虚拟回收/检测中心,P07,echelon,广东迪度新能源有限公司,242.01314694033505,272.5831,194.70166666666668,OSRM driving/car,2026-08-15,D-road proxy; B-coordinates,C-开放路网计算；不是货车/危运合规路线
A0570,C06,collection,韶关虚拟回收/检测中心,P08,echelon,东莞市博森新能源有限公司,242.01314694033505,272.5831,194.70166666666668,OSRM driving/car,2026-08-15,D-road proxy; B-coordinates,C-开放路网计算；不是货车/危运合规路线
A0571,C06,collection,韶关虚拟回收/检测中心,P09,echelon,广东宇阳新能源有限公司,242.01314694033505,272.5831,194.70166666666668,OSRM driving/car,2026-08-15,D-road proxy; B-coordinates,C-开放路网计算；不是货车/危运合规路线
A0572,C06,collection,韶关虚拟回收/检测中心,P10,echelon,广州广汽商贸再生资源有限公司,237.03724939624288,236.2303,169.85,OSRM driving/car,2026-08-15,D-road proxy; B-coordinates,C-开放路网计算；不是货车/危运合规路线
A0573,C06,collection,韶关虚拟回收/检测中心,P11,echelon,深圳市杰成镍钴新能源科技有限公司,306.47442199910176,338.1469,236.02833333333334,OSRM driving/car,2026-08-15,D-road proxy; B-coordinates,C-开放路网计算；不是货车/危运合规路线
A0574,C06,collection,韶关虚拟回收/检测中心,P12,recycling,江门市恒创睿能环保科技有限公司,313.42946331342586,314.6585,229.18666666666667,OSRM driving/car,2026-08-15,D-road proxy; B-coordinates,C-开放路网计算；不是货车/危运合规路线
A0575,C06,collection,韶关虚拟回收/检测中心,P13,recycling,广东佳纳能源科技有限公司,179.19087548833554,180.2101,142.0883333333333,OSRM driving/car,2026-08-15,D-road proxy; B-coordinates,C-开放路网计算；不是货车/危运合规路线
A0576,C06,collection,韶关虚拟回收/检测中心,P14,echelon,格林美（深圳）循环科技有限公司,306.47442199910176,338.1469,236.02833333333334,OSRM driving/car,2026-08-15,D-road proxy; B-coordinates,C-开放路网计算；不是货车/危运合规路线
A0577,C06,collection,韶关虚拟回收/检测中心,P15,echelon,绿循新能源科技（佛山）有限责任公司,255.76122145140755,257.7153,189.54833333333332,OSRM driving/car,2026-08-15,D-road proxy; B-coordinates,C-开放路网计算；不是货车/危运合规路线
A0578,C06,collection,韶关虚拟回收/检测中心,P16,echelon,深圳艾云动智慧科技有限公司,306.47442199910176,338.1469,236.02833333333334,OSRM driving/car,2026-08-15,D-road proxy; B-coordinates,C-开放路网计算；不是货车/危运合规路线
A0579,C06,collection,韶关虚拟回收/检测中心,P17,echelon,深圳市荣高晟新能源科技有限公司,306.47442199910176,338.1469,236.02833333333334,OSRM driving/car,2026-08-15,D-road proxy; B-coordinates,C-开放路网计算；不是货车/危运合规路线
A0580,C06,collection,韶关虚拟回收/检测中心,P18,echelon,中商锂新能源科技（惠州）有限公司,240.57838750981594,272.4595,209.82999999999998,OSRM driving/car,2026-08-15,D-road proxy; B-coordinates,C-开放路网计算；不是货车/危运合规路线
A0581,C06,collection,韶关虚拟回收/检测中心,P19,recycling,广东盛祥新材料科技有限公司,0.0,0.0,0.0,OSRM driving/car,2026-08-15,D-road proxy; B-coordinates,C-开放路网计算；不是货车/危运合规路线
A0582,C06,collection,韶关虚拟回收/检测中心,P20E,echelon,广东金晟新能源股份有限公司（梯次功能）,289.43307246740227,287.91740000000004,214.13333333333333,OSRM driving/car,2026-08-15,D-road proxy; B-coordinates,C-开放路网计算；不是货车/危运合规路线
A0583,C06,collection,韶关虚拟回收/检测中心,P20R,recycling,广东金晟新能源股份有限公司（再生功能）,289.43307246740227,287.91740000000004,214.13333333333333,OSRM driving/car,2026-08-15,D-road proxy; B-coordinates,C-开放路网计算；不是货车/危运合规路线
A0584,C06,collection,韶关虚拟回收/检测中心,P21E,echelon,广东瑞科美电源技术有限公司（梯次功能）,255.76122145140755,257.7153,189.54833333333332,OSRM driving/car,2026-08-15,D-road proxy; B-coordinates,C-开放路网计算；不是货车/危运合规路线
A0585,C06,collection,韶关虚拟回收/检测中心,P21R,recycling,广东瑞科美电源技术有限公司（再生功能）,255.76122145140755,257.7153,189.54833333333332,OSRM driving/car,2026-08-15,D-road proxy; B-coordinates,C-开放路网计算；不是货车/危运合规路线
A0586,C07,collection,河源虚拟回收/检测中心,P01,recycling,汕尾比亚迪废旧动力电池回收项目,172.31613285384597,204.26379999999997,170.87166666666664,OSRM driving/car,2026-08-15,D-road proxy; B-coordinates,C-开放路网计算；不是货车/危运合规路线
A0587,C07,collection,河源虚拟回收/检测中心,P02E,echelon,广东光华科技股份有限公司（梯次功能）,221.4376923116871,234.5172,186.18833333333333,OSRM driving/car,2026-08-15,D-road proxy; B-coordinates,C-开放路网计算；不是货车/危运合规路线
A0588,C07,collection,河源虚拟回收/检测中心,P02R,recycling,广东光华科技股份有限公司（再生功能）,221.4376923116871,234.5172,186.18833333333333,OSRM driving/car,2026-08-15,D-road proxy; B-coordinates,C-开放路网计算；不是货车/危运合规路线
A0589,C07,collection,河源虚拟回收/检测中心,P03,echelon,深圳深汕特别合作区乾泰技术有限公司,155.4955738550505,208.71470000000002,190.89833333333334,OSRM driving/car,2026-08-15,D-road proxy; B-coordinates,C-开放路网计算；不是货车/危运合规路线
A0590,C07,collection,河源虚拟回收/检测中心,P04,echelon,珠海中力新能源科技有限公司,304.43065388171823,344.5653,267.2916666666667,OSRM driving/car,2026-08-15,D-road proxy; B-coordinates,C-开放路网计算；不是货车/危运合规路线
A0591,C07,collection,河源虚拟回收/检测中心,P05,echelon,惠州市恒创睿能环保科技有限公司,153.73276695379784,162.7103,135.45666666666665,OSRM driving/car,2026-08-15,D-road proxy; B-coordinates,C-开放路网计算；不是货车/危运合规路线
A0592,C07,collection,河源虚拟回收/检测中心,P06,echelon,江门市朗达锂电池有限公司,316.3240228712952,347.3153,263.8983333333333,OSRM driving/car,2026-08-15,D-road proxy; B-coordinates,C-开放路网计算；不是货车/危运合规路线
A0593,C07,collection,河源虚拟回收/检测中心,P07,echelon,广东迪度新能源有限公司,216.00434329045038,235.32989999999998,186.33333333333334,OSRM driving/car,2026-08-15,D-road proxy; B-coordinates,C-开放路网计算；不是货车/危运合规路线
A0594,C07,collection,河源虚拟回收/检测中心,P08,echelon,东莞市博森新能源有限公司,216.00434329045038,235.32989999999998,186.33333333333334,OSRM driving/car,2026-08-15,D-road proxy; B-coordinates,C-开放路网计算；不是货车/危运合规路线
A0595,C07,collection,河源虚拟回收/检测中心,P09,echelon,广东宇阳新能源有限公司,216.00434329045038,235.32989999999998,186.33333333333334,OSRM driving/car,2026-08-15,D-road proxy; B-coordinates,C-开放路网计算；不是货车/危运合规路线
A0596,C07,collection,河源虚拟回收/检测中心,P10,echelon,广州广汽商贸再生资源有限公司,255.35449854690705,273.9589,212.09833333333333,OSRM driving/car,2026-08-15,D-road proxy; B-coordinates,C-开放路网计算；不是货车/危运合规路线
A0597,C07,collection,河源虚拟回收/检测中心,P11,echelon,深圳市杰成镍钴新能源科技有限公司,241.38401680373065,249.9957,196.06,OSRM driving/car,2026-08-15,D-road proxy; B-coordinates,C-开放路网计算；不是货车/危运合规路线
A0598,C07,collection,河源虚拟回收/检测中心,P12,recycling,江门市恒创睿能环保科技有限公司,316.3240228712952,347.3153,263.8983333333333,OSRM driving/car,2026-08-15,D-road proxy; B-coordinates,C-开放路网计算；不是货车/危运合规路线
A0599,C07,collection,河源虚拟回收/检测中心,P13,recycling,广东佳纳能源科技有限公司,251.14636384742758,286.3671,228.09333333333333,OSRM driving/car,2026-08-15,D-road proxy; B-coordinates,C-开放路网计算；不是货车/危运合规路线
A0600,C07,collection,河源虚拟回收/检测中心,P14,echelon,格林美（深圳）循环科技有限公司,241.38401680373065,249.9957,196.06,OSRM driving/car,2026-08-15,D-road proxy; B-coordinates,C-开放路网计算；不是货车/危运合规路线
A0601,C07,collection,河源虚拟回收/检测中心,P15,echelon,绿循新能源科技（佛山）有限责任公司,277.62076243937133,291.10209999999995,232.91,OSRM driving/car,2026-08-15,D-road proxy; B-coordinates,C-开放路网计算；不是货车/危运合规路线
A0602,C07,collection,河源虚拟回收/检测中心,P16,echelon,深圳艾云动智慧科技有限公司,241.38401680373065,249.9957,196.06,OSRM driving/car,2026-08-15,D-road proxy; B-coordinates,C-开放路网计算；不是货车/危运合规路线
A0603,C07,collection,河源虚拟回收/检测中心,P17,echelon,深圳市荣高晟新能源科技有限公司,241.38401680373065,249.9957,196.06,OSRM driving/car,2026-08-15,D-road proxy; B-coordinates,C-开放路网计算；不是货车/危运合规路线
A0604,C07,collection,河源虚拟回收/检测中心,P18,echelon,中商锂新能源科技（惠州）有限公司,153.73276695379784,162.7103,135.45666666666665,OSRM driving/car,2026-08-15,D-road proxy; B-coordinates,C-开放路网计算；不是货车/危运合规路线
A0605,C07,collection,河源虚拟回收/检测中心,P19,recycling,广东盛祥新材料科技有限公司,179.54353323515195,249.704,217.09666666666666,OSRM driving/car,2026-08-15,D-road proxy; B-coordinates,C-开放路网计算；不是货车/危运合规路线
A0606,C07,collection,河源虚拟回收/检测中心,P20E,echelon,广东金晟新能源股份有限公司（梯次功能）,347.2375461741987,369.1929,280.8616666666667,OSRM driving/car,2026-08-15,D-road proxy; B-coordinates,C-开放路网计算；不是货车/危运合规路线
A0607,C07,collection,河源虚拟回收/检测中心,P20R,recycling,广东金晟新能源股份有限公司（再生功能）,347.2375461741987,369.1929,280.8616666666667,OSRM driving/car,2026-08-15,D-road proxy; B-coordinates,C-开放路网计算；不是货车/危运合规路线
A0608,C07,collection,河源虚拟回收/检测中心,P21E,echelon,广东瑞科美电源技术有限公司（梯次功能）,277.62076243937133,291.10209999999995,232.91,OSRM driving/car,2026-08-15,D-road proxy; B-coordinates,C-开放路网计算；不是货车/危运合规路线
A0609,C07,collection,河源虚拟回收/检测中心,P21R,recycling,广东瑞科美电源技术有限公司（再生功能）,277.62076243937133,291.10209999999995,232.91,OSRM driving/car,2026-08-15,D-road proxy; B-coordinates,C-开放路网计算；不是货车/危运合规路线
A0610,C08,collection,梅州虚拟回收/检测中心,P01,recycling,汕尾比亚迪废旧动力电池回收项目,215.52013332303915,216.151,150.625,OSRM driving/car,2026-08-15,D-road proxy; B-coordinates,C-开放路网计算；不是货车/危运合规路线
A0611,C08,collection,梅州虚拟回收/检测中心,P02E,echelon,广东光华科技股份有限公司（梯次功能）,142.3374058165527,155.01139999999998,114.345,OSRM driving/car,2026-08-15,D-road proxy; B-coordinates,C-开放路网计算；不是货车/危运合规路线
A0612,C08,collection,梅州虚拟回收/检测中心,P02R,recycling,广东光华科技股份有限公司（再生功能）,142.3374058165527,155.01139999999998,114.345,OSRM driving/car,2026-08-15,D-road proxy; B-coordinates,C-开放路网计算；不是货车/危运合规路线
A0613,C08,collection,梅州虚拟回收/检测中心,P03,echelon,深圳深汕特别合作区乾泰技术有限公司,186.1554692104985,220.6019,170.65166666666667,OSRM driving/car,2026-08-15,D-road proxy; B-coordinates,C-开放路网计算；不是货车/危运合规路线
A0614,C08,collection,梅州虚拟回收/检测中心,P04,echelon,珠海中力新能源科技有限公司,412.0677892611643,452.3677,321.2866666666667,OSRM driving/car,2026-08-15,D-road proxy; B-coordinates,C-开放路网计算；不是货车/危运合规路线
A0615,C08,collection,梅州虚拟回收/检测中心,P05,echelon,惠州市恒创睿能环保科技有限公司,261.0101487251689,270.5127,189.45166666666668,OSRM driving/car,2026-08-15,D-road proxy; B-coordinates,C-开放路网计算；不是货车/危运合规路线
A0616,C08,collection,梅州虚拟回收/检测中心,P06,echelon,江门市朗达锂电池有限公司,436.6461010859192,443.82590000000005,314.9216666666667,OSRM driving/car,2026-08-15,D-road proxy; B-coordinates,C-开放路网计算；不是货车/危运合规路线
A0617,C08,collection,梅州虚拟回收/检测中心,P07,echelon,广东迪度新能源有限公司,336.0205516382558,343.1323,240.32833333333335,OSRM driving/car,2026-08-15,D-road proxy; B-coordinates,C-开放路网计算；不是货车/危运合规路线
A0618,C08,collection,梅州虚拟回收/检测中心,P08,echelon,东莞市博森新能源有限公司,336.0205516382558,343.1323,240.32833333333335,OSRM driving/car,2026-08-15,D-road proxy; B-coordinates,C-开放路网计算；不是货车/危运合规路线
A0619,C08,collection,梅州虚拟回收/检测中心,P09,echelon,广东宇阳新能源有限公司,336.0205516382558,343.1323,240.32833333333335,OSRM driving/car,2026-08-15,D-road proxy; B-coordinates,C-开放路网计算；不是货车/危运合规路线
A0620,C08,collection,梅州虚拟回收/检测中心,P10,echelon,广州广汽商贸再生资源有限公司,382.1027064948506,381.7613,266.09333333333336,OSRM driving/car,2026-08-15,D-road proxy; B-coordinates,C-开放路网计算；不是货车/危运合规路线
A0621,C08,collection,梅州虚拟回收/检测中心,P11,echelon,深圳市杰成镍钴新能源科技有限公司,343.699494537765,343.7588,249.52833333333334,OSRM driving/car,2026-08-15,D-road proxy; B-coordinates,C-开放路网计算；不是货车/危运合规路线
A0622,C08,collection,梅州虚拟回收/检测中心,P12,recycling,江门市恒创睿能环保科技有限公司,436.6461010859192,443.82590000000005,314.9216666666667,OSRM driving/car,2026-08-15,D-road proxy; B-coordinates,C-开放路网计算；不是货车/危运合规路线
A0623,C08,collection,梅州虚拟回收/检测中心,P13,recycling,广东佳纳能源科技有限公司,382.548418383279,395.348,280.8316666666667,OSRM driving/car,2026-08-15,D-road proxy; B-coordinates,C-开放路网计算；不是货车/危运合规路线
A0624,C08,collection,梅州虚拟回收/检测中心,P14,echelon,格林美（深圳）循环科技有限公司,343.699494537765,343.7588,249.52833333333334,OSRM driving/car,2026-08-15,D-road proxy; B-coordinates,C-开放路网计算；不是货车/危运合规路线
A0625,C08,collection,梅州虚拟回收/检测中心,P15,echelon,绿循新能源科技（佛山）有限责任公司,403.9212901773776,398.9045,286.905,OSRM driving/car,2026-08-15,D-road proxy; B-coordinates,C-开放路网计算；不是货车/危运合规路线
A0626,C08,collection,梅州虚拟回收/检测中心,P16,echelon,深圳艾云动智慧科技有限公司,343.699494537765,343.7588,249.52833333333334,OSRM driving/car,2026-08-15,D-road proxy; B-coordinates,C-开放路网计算；不是货车/危运合规路线
A0627,C08,collection,梅州虚拟回收/检测中心,P17,echelon,深圳市荣高晟新能源科技有限公司,343.699494537765,343.7588,249.52833333333334,OSRM driving/car,2026-08-15,D-road proxy; B-coordinates,C-开放路网计算；不是货车/危运合规路线
A0628,C08,collection,梅州虚拟回收/检测中心,P18,echelon,中商锂新能源科技（惠州）有限公司,261.0101487251689,270.5127,189.45166666666668,OSRM driving/car,2026-08-15,D-road proxy; B-coordinates,C-开放路网计算；不是货车/危运合规路线
A0629,C08,collection,梅州虚拟回收/检测中心,P19,recycling,广东盛祥新材料科技有限公司,288.4343025608088,337.0402,256.1433333333333,OSRM driving/car,2026-08-15,D-road proxy; B-coordinates,C-开放路网计算；不是货车/危运合规路线
A0630,C08,collection,梅州虚拟回收/检测中心,P20E,echelon,广东金晟新能源股份有限公司（梯次功能）,476.58618977707783,476.9952,334.8566666666667,OSRM driving/car,2026-08-15,D-road proxy; B-coordinates,C-开放路网计算；不是货车/危运合规路线
A0631,C08,collection,梅州虚拟回收/检测中心,P20R,recycling,广东金晟新能源股份有限公司（再生功能）,476.58618977707783,476.9952,334.8566666666667,OSRM driving/car,2026-08-15,D-road proxy; B-coordinates,C-开放路网计算；不是货车/危运合规路线
A0632,C08,collection,梅州虚拟回收/检测中心,P21E,echelon,广东瑞科美电源技术有限公司（梯次功能）,403.9212901773776,398.9045,286.905,OSRM driving/car,2026-08-15,D-road proxy; B-coordinates,C-开放路网计算；不是货车/危运合规路线
A0633,C08,collection,梅州虚拟回收/检测中心,P21R,recycling,广东瑞科美电源技术有限公司（再生功能）,403.9212901773776,398.9045,286.905,OSRM driving/car,2026-08-15,D-road proxy; B-coordinates,C-开放路网计算；不是货车/危运合规路线
A0634,C09,collection,惠州虚拟回收/检测中心,P01,recycling,汕尾比亚迪废旧动力电池回收项目,120.74332810044686,123.53710000000001,94.32666666666667,OSRM driving/car,2026-08-15,D-road proxy; B-coordinates,C-开放路网计算；不是货车/危运合规路线
A0635,C09,collection,惠州虚拟回收/检测中心,P02E,echelon,广东光华科技股份有限公司（梯次功能）,279.59950256039025,287.0797,208.505,OSRM driving/car,2026-08-15,D-road proxy; B-coordinates,C-开放路网计算；不是货车/危运合规路线
A0636,C09,collection,惠州虚拟回收/检测中心,P02R,recycling,广东光华科技股份有限公司（再生功能）,279.59950256039025,287.0797,208.505,OSRM driving/car,2026-08-15,D-road proxy; B-coordinates,C-开放路网计算；不是货车/危运合规路线
A0637,C09,collection,惠州虚拟回收/检测中心,P03,echelon,深圳深汕特别合作区乾泰技术有限公司,135.3751705679002,137.2199,122.56666666666666,OSRM driving/car,2026-08-15,D-road proxy; B-coordinates,C-开放路网计算；不是货车/危运合规路线
A0638,C09,collection,惠州虚拟回收/检测中心,P04,echelon,珠海中力新能源科技有限公司,152.4261811714796,183.3425,142.355,OSRM driving/car,2026-08-15,D-road proxy; B-coordinates,C-开放路网计算；不是货车/危运合规路线
A0639,C09,collection,惠州虚拟回收/检测中心,P05,echelon,惠州市恒创睿能环保科技有限公司,0.0,0.0,0.0,OSRM driving/car,2026-08-15,D-road proxy; B-coordinates,C-开放路网计算；不是货车/危运合规路线
A0640,C09,collection,惠州虚拟回收/检测中心,P06,echelon,江门市朗达锂电池有限公司,178.96752942018048,182.8135,141.08333333333334,OSRM driving/car,2026-08-15,D-road proxy; B-coordinates,C-开放路网计算；不是货车/危运合规路线
A0641,C09,collection,惠州虚拟回收/检测中心,P07,echelon,广东迪度新能源有限公司,82.90044805737128,94.6155,70.79166666666667,OSRM driving/car,2026-08-15,D-road proxy; B-coordinates,C-开放路网计算；不是货车/危运合规路线
A0642,C09,collection,惠州虚拟回收/检测中心,P08,echelon,东莞市博森新能源有限公司,82.90044805737128,94.6155,70.79166666666667,OSRM driving/car,2026-08-15,D-road proxy; B-coordinates,C-开放路网计算；不是货车/危运合规路线
A0643,C09,collection,惠州虚拟回收/检测中心,P09,echelon,广东宇阳新能源有限公司,82.90044805737128,94.6155,70.79166666666667,OSRM driving/car,2026-08-15,D-road proxy; B-coordinates,C-开放路网计算；不是货车/危运合规路线
A0644,C09,collection,惠州虚拟回收/检测中心,P10,echelon,广州广汽商贸再生资源有限公司,141.59962050860264,138.8645,98.54166666666667,OSRM driving/car,2026-08-15,D-road proxy; B-coordinates,C-开放路网计算；不是货车/危运合规路线
A0645,C09,collection,惠州虚拟回收/检测中心,P11,echelon,深圳市杰成镍钴新能源科技有限公司,87.65338268455065,88.7728,71.12333333333332,OSRM driving/car,2026-08-15,D-road proxy; B-coordinates,C-开放路网计算；不是货车/危运合规路线
A0646,C09,collection,惠州虚拟回收/检测中心,P12,recycling,江门市恒创睿能环保科技有限公司,178.96752942018048,182.8135,141.08333333333334,OSRM driving/car,2026-08-15,D-road proxy; B-coordinates,C-开放路网计算；不是货车/危运合规路线
A0647,C09,collection,惠州虚拟回收/检测中心,P13,recycling,广东佳纳能源科技有限公司,183.368389563571,183.9218,134.955,OSRM driving/car,2026-08-15,D-road proxy; B-coordinates,C-开放路网计算；不是货车/危运合规路线
A0648,C09,collection,惠州虚拟回收/检测中心,P14,echelon,格林美（深圳）循环科技有限公司,87.65338268455065,88.7728,71.12333333333332,OSRM driving/car,2026-08-15,D-road proxy; B-coordinates,C-开放路网计算；不是货车/危运合规路线
A0649,C09,collection,惠州虚拟回收/检测中心,P15,echelon,绿循新能源科技（佛山）有限责任公司,159.63127925962104,158.107,118.03833333333334,OSRM driving/car,2026-08-15,D-road proxy; B-coordinates,C-开放路网计算；不是货车/危运合规路线
A0650,C09,collection,惠州虚拟回收/检测中心,P16,echelon,深圳艾云动智慧科技有限公司,87.65338268455065,88.7728,71.12333333333332,OSRM driving/car,2026-08-15,D-road proxy; B-coordinates,C-开放路网计算；不是货车/危运合规路线
A0651,C09,collection,惠州虚拟回收/检测中心,P17,echelon,深圳市荣高晟新能源科技有限公司,87.65338268455065,88.7728,71.12333333333332,OSRM driving/car,2026-08-15,D-road proxy; B-coordinates,C-开放路网计算；不是货车/危运合规路线
A0652,C09,collection,惠州虚拟回收/检测中心,P18,echelon,中商锂新能源科技（惠州）有限公司,0.0,0.0,0.0,OSRM driving/car,2026-08-15,D-road proxy; B-coordinates,C-开放路网计算；不是货车/危运合规路线
A0653,C09,collection,惠州虚拟回收/检测中心,P19,recycling,广东盛祥新材料科技有限公司,240.57838750981594,258.7829,191.28833333333333,OSRM driving/car,2026-08-15,D-road proxy; B-coordinates,C-开放路网计算；不是货车/危运合规路线
A0654,C09,collection,惠州虚拟回收/检测中心,P20E,echelon,广东金晟新能源股份有限公司（梯次功能）,239.7967570099756,239.95479999999998,171.13333333333333,OSRM driving/car,2026-08-15,D-road proxy; B-coordinates,C-开放路网计算；不是货车/危运合规路线
A0655,C09,collection,惠州虚拟回收/检测中心,P20R,recycling,广东金晟新能源股份有限公司（再生功能）,239.7967570099756,239.95479999999998,171.13333333333333,OSRM driving/car,2026-08-15,D-road proxy; B-coordinates,C-开放路网计算；不是货车/危运合规路线
A0656,C09,collection,惠州虚拟回收/检测中心,P21E,echelon,广东瑞科美电源技术有限公司（梯次功能）,159.63127925962104,158.107,118.03833333333334,OSRM driving/car,2026-08-15,D-road proxy; B-coordinates,C-开放路网计算；不是货车/危运合规路线
A0657,C09,collection,惠州虚拟回收/检测中心,P21R,recycling,广东瑞科美电源技术有限公司（再生功能）,159.63127925962104,158.107,118.03833333333334,OSRM driving/car,2026-08-15,D-road proxy; B-coordinates,C-开放路网计算；不是货车/危运合规路线
A0658,C10,collection,汕尾虚拟回收/检测中心,P01,recycling,汕尾比亚迪废旧动力电池回收项目,30.513355132027478,42.6796,39.75833333333333,OSRM driving/car,2026-08-15,D-road proxy; B-coordinates,C-开放路网计算；不是货车/危运合规路线
A0659,C10,collection,汕尾虚拟回收/检测中心,P02E,echelon,广东光华科技股份有限公司（梯次功能）,150.39117711768017,165.9512,128.4,OSRM driving/car,2026-08-15,D-road proxy; B-coordinates,C-开放路网计算；不是货车/危运合规路线
A0660,C10,collection,汕尾虚拟回收/检测中心,P02R,recycling,广东光华科技股份有限公司（再生功能）,150.39117711768017,165.9512,128.4,OSRM driving/car,2026-08-15,D-road proxy; B-coordinates,C-开放路网计算；不是货车/危运合规路线
A0661,C10,collection,汕尾虚拟回收/检测中心,P03,echelon,深圳深汕特别合作区乾泰技术有限公司,0.0,0.0,0.0,OSRM driving/car,2026-08-15,D-road proxy; B-coordinates,C-开放路网计算；不是货车/危运合规路线
A0662,C10,collection,汕尾虚拟回收/检测中心,P04,echelon,珠海中力新能源科技有限公司,258.19268317474746,299.0451,221.31,OSRM driving/car,2026-08-15,D-road proxy; B-coordinates,C-开放路网计算；不是货车/危运合规路线
A0663,C10,collection,汕尾虚拟回收/检测中心,P05,echelon,惠州市恒创睿能环保科技有限公司,135.3751705679002,131.9282,107.83166666666666,OSRM driving/car,2026-08-15,D-road proxy; B-coordinates,C-开放路网计算；不是货车/危运合规路线
A0664,C10,collection,汕尾虚拟回收/检测中心,P06,echelon,江门市朗达锂电池有限公司,304.8551803783433,298.5161,220.03833333333333,OSRM driving/car,2026-08-15,D-road proxy; B-coordinates,C-开放路网计算；不是货车/危运合规路线
A0665,C10,collection,汕尾虚拟回收/检测中心,P07,echelon,广东迪度新能源有限公司,216.7349587353549,207.5934,150.48833333333332,OSRM driving/car,2026-08-15,D-road proxy; B-coordinates,C-开放路网计算；不是货车/危运合规路线
A0666,C10,collection,汕尾虚拟回收/检测中心,P08,echelon,东莞市博森新能源有限公司,216.7349587353549,207.5934,150.48833333333332,OSRM driving/car,2026-08-15,D-road proxy; B-coordinates,C-开放路网计算；不是货车/危运合规路线
A0667,C10,collection,汕尾虚拟回收/检测中心,P09,echelon,广东宇阳新能源有限公司,216.7349587353549,207.5934,150.48833333333332,OSRM driving/car,2026-08-15,D-road proxy; B-coordinates,C-开放路网计算；不是货车/危运合规路线
A0668,C10,collection,汕尾虚拟回收/检测中心,P10,echelon,广州广汽商贸再生资源有限公司,276.7760629013141,269.1208,192.77833333333334,OSRM driving/car,2026-08-15,D-road proxy; B-coordinates,C-开放路网计算；不是货车/危运合规路线
A0669,C10,collection,汕尾虚拟回收/检测中心,P11,echelon,深圳市杰成镍钴新能源科技有限公司,189.62625214547197,188.0076,143.29833333333332,OSRM driving/car,2026-08-15,D-road proxy; B-coordinates,C-开放路网计算；不是货车/危运合规路线
A0670,C10,collection,汕尾虚拟回收/检测中心,P12,recycling,江门市恒创睿能环保科技有限公司,304.8551803783433,298.5161,220.03833333333333,OSRM driving/car,2026-08-15,D-road proxy; B-coordinates,C-开放路网计算；不是货车/危运合规路线
A0671,C10,collection,汕尾虚拟回收/检测中心,P13,recycling,广东佳纳能源科技有限公司,314.3082033676746,314.1781,229.19166666666666,OSRM driving/car,2026-08-15,D-road proxy; B-coordinates,C-开放路网计算；不是货车/危运合规路线
A0672,C10,collection,汕尾虚拟回收/检测中心,P14,echelon,格林美（深圳）循环科技有限公司,189.62625214547197,188.0076,143.29833333333332,OSRM driving/car,2026-08-15,D-road proxy; B-coordinates,C-开放路网计算；不是货车/危运合规路线
A0673,C10,collection,汕尾虚拟回收/检测中心,P15,echelon,绿循新能源科技（佛山）有限责任公司,294.0126610717624,285.35409999999996,206.15333333333334,OSRM driving/car,2026-08-15,D-road proxy; B-coordinates,C-开放路网计算；不是货车/危运合规路线
A0674,C10,collection,汕尾虚拟回收/检测中心,P16,echelon,深圳艾云动智慧科技有限公司,189.62625214547197,188.0076,143.29833333333332,OSRM driving/car,2026-08-15,D-road proxy; B-coordinates,C-开放路网计算；不是货车/危运合规路线
A0675,C10,collection,汕尾虚拟回收/检测中心,P17,echelon,深圳市荣高晟新能源科技有限公司,189.62625214547197,188.0076,143.29833333333332,OSRM driving/car,2026-08-15,D-road proxy; B-coordinates,C-开放路网计算；不是货车/危运合规路线
A0676,C10,collection,汕尾虚拟回收/检测中心,P18,echelon,中商锂新能源科技（惠州）有限公司,135.3751705679002,131.9282,107.83166666666666,OSRM driving/car,2026-08-15,D-road proxy; B-coordinates,C-开放路网计算；不是货车/危运合规路线
A0677,C10,collection,汕尾虚拟回收/检测中心,P19,recycling,广东盛祥新材料科技有限公司,318.73774688823676,377.7248,278.22833333333335,OSRM driving/car,2026-08-15,D-road proxy; B-coordinates,C-开放路网计算；不是货车/危运合规路线
A0678,C10,collection,汕尾虚拟回收/检测中心,P20E,echelon,广东金晟新能源股份有限公司（梯次功能）,374.5160449794057,369.4217,265.345,OSRM driving/car,2026-08-15,D-road proxy; B-coordinates,C-开放路网计算；不是货车/危运合规路线
A0679,C10,collection,汕尾虚拟回收/检测中心,P20R,recycling,广东金晟新能源股份有限公司（再生功能）,374.5160449794057,369.4217,265.345,OSRM driving/car,2026-08-15,D-road proxy; B-coordinates,C-开放路网计算；不是货车/危运合规路线
A0680,C10,collection,汕尾虚拟回收/检测中心,P21E,echelon,广东瑞科美电源技术有限公司（梯次功能）,294.0126610717624,285.35409999999996,206.15333333333334,OSRM driving/car,2026-08-15,D-road proxy; B-coordinates,C-开放路网计算；不是货车/危运合规路线
A0681,C10,collection,汕尾虚拟回收/检测中心,P21R,recycling,广东瑞科美电源技术有限公司（再生功能）,294.0126610717624,285.35409999999996,206.15333333333334,OSRM driving/car,2026-08-15,D-road proxy; B-coordinates,C-开放路网计算；不是货车/危运合规路线
A0682,C11,collection,东莞虚拟回收/检测中心,P01,recycling,汕尾比亚迪废旧动力电池回收项目,198.5840172941455,199.2956,139.10833333333332,OSRM driving/car,2026-08-15,D-road proxy; B-coordinates,C-开放路网计算；不是货车/危运合规路线
A0683,C11,collection,东莞虚拟回收/检测中心,P02E,echelon,广东光华科技股份有限公司（梯次功能）,362.4792813676039,362.6879,251.52166666666665,OSRM driving/car,2026-08-15,D-road proxy; B-coordinates,C-开放路网计算；不是货车/危运合规路线
A0684,C11,collection,东莞虚拟回收/检测中心,P02R,recycling,广东光华科技股份有限公司（再生功能）,362.4792813676039,362.6879,251.52166666666665,OSRM driving/car,2026-08-15,D-road proxy; B-coordinates,C-开放路网计算；不是货车/危运合规路线
A0685,C11,collection,东莞虚拟回收/检测中心,P03,echelon,深圳深汕特别合作区乾泰技术有限公司,216.7349587353549,212.8281,165.58333333333334,OSRM driving/car,2026-08-15,D-road proxy; B-coordinates,C-开放路网计算；不是货车/危运合规路线
A0686,C11,collection,东莞虚拟回收/检测中心,P04,echelon,珠海中力新能源科技有限公司,101.6188477233397,114.3817,91.71166666666666,OSRM driving/car,2026-08-15,D-road proxy; B-coordinates,C-开放路网计算；不是货车/危运合规路线
A0687,C11,collection,东莞虚拟回收/检测中心,P05,echelon,惠州市恒创睿能环保科技有限公司,82.90044805737128,95.089,71.56333333333333,OSRM driving/car,2026-08-15,D-road proxy; B-coordinates,C-开放路网计算；不是货车/危运合规路线
A0688,C11,collection,东莞虚拟回收/检测中心,P06,echelon,江门市朗达锂电池有限公司,100.84581605844396,112.4987,84.56333333333333,OSRM driving/car,2026-08-15,D-road proxy; B-coordinates,C-开放路网计算；不是货车/危运合规路线
A0689,C11,collection,东莞虚拟回收/检测中心,P07,echelon,广东迪度新能源有限公司,0.0,0.0,0.0,OSRM driving/car,2026-08-15,D-road proxy; B-coordinates,C-开放路网计算；不是货车/危运合规路线
A0690,C11,collection,东莞虚拟回收/检测中心,P08,echelon,东莞市博森新能源有限公司,0.0,0.0,0.0,OSRM driving/car,2026-08-15,D-road proxy; B-coordinates,C-开放路网计算；不是货车/危运合规路线
A0691,C11,collection,东莞虚拟回收/检测中心,P09,echelon,广东宇阳新能源有限公司,0.0,0.0,0.0,OSRM driving/car,2026-08-15,D-road proxy; B-coordinates,C-开放路网计算；不是货车/危运合规路线
A0692,C11,collection,东莞虚拟回收/检测中心,P10,echelon,广州广汽商贸再生资源有限公司,61.48835744881942,63.0212,47.281666666666666,OSRM driving/car,2026-08-15,D-road proxy; B-coordinates,C-开放路网计算；不是货车/危运合规路线
A0693,C11,collection,东莞虚拟回收/检测中心,P11,echelon,深圳市杰成镍钴新能源科技有限公司,73.7874966555125,74.33330000000001,55.55333333333333,OSRM driving/car,2026-08-15,D-road proxy; B-coordinates,C-开放路网计算；不是货车/危运合规路线
A0694,C11,collection,东莞虚拟回收/检测中心,P12,recycling,江门市恒创睿能环保科技有限公司,100.84581605844396,112.4987,84.56333333333333,OSRM driving/car,2026-08-15,D-road proxy; B-coordinates,C-开放路网计算；不是货车/危运合规路线
A0695,C11,collection,东莞虚拟回收/检测中心,P13,recycling,广东佳纳能源科技有限公司,122.93685817460485,129.1921,98.33500000000001,OSRM driving/car,2026-08-15,D-road proxy; B-coordinates,C-开放路网计算；不是货车/危运合规路线
A0696,C11,collection,东莞虚拟回收/检测中心,P14,echelon,格林美（深圳）循环科技有限公司,73.7874966555125,74.33330000000001,55.55333333333333,OSRM driving/car,2026-08-15,D-road proxy; B-coordinates,C-开放路网计算；不是货车/危运合规路线
A0697,C11,collection,东莞虚拟回收/检测中心,P15,echelon,绿循新能源科技（佛山）有限责任公司,77.28343572424338,82.4602,64.61666666666666,OSRM driving/car,2026-08-15,D-road proxy; B-coordinates,C-开放路网计算；不是货车/危运合规路线
A0698,C11,collection,东莞虚拟回收/检测中心,P16,echelon,深圳艾云动智慧科技有限公司,73.7874966555125,74.33330000000001,55.55333333333333,OSRM driving/car,2026-08-15,D-road proxy; B-coordinates,C-开放路网计算；不是货车/危运合规路线
A0699,C11,collection,东莞虚拟回收/检测中心,P17,echelon,深圳市荣高晟新能源科技有限公司,73.7874966555125,74.33330000000001,55.55333333333333,OSRM driving/car,2026-08-15,D-road proxy; B-coordinates,C-开放路网计算；不是货车/危运合规路线
A0700,C11,collection,东莞虚拟回收/检测中心,P18,echelon,中商锂新能源科技（惠州）有限公司,82.90044805737128,95.089,71.56333333333333,OSRM driving/car,2026-08-15,D-road proxy; B-coordinates,C-开放路网计算；不是货车/危运合规路线
A0701,C11,collection,东莞虚拟回收/检测中心,P19,recycling,广东盛祥新材料科技有限公司,242.01314694033505,274.1771,194.16666666666666,OSRM driving/car,2026-08-15,D-road proxy; B-coordinates,C-开放路网计算；不是货车/危运合规路线
A0702,C11,collection,东莞虚拟回收/检测中心,P20E,echelon,广东金晟新能源股份有限公司（梯次功能）,157.83268942296343,154.5592,118.72666666666667,OSRM driving/car,2026-08-15,D-road proxy; B-coordinates,C-开放路网计算；不是货车/危运合规路线
A0703,C11,collection,东莞虚拟回收/检测中心,P20R,recycling,广东金晟新能源股份有限公司（再生功能）,157.83268942296343,154.5592,118.72666666666667,OSRM driving/car,2026-08-15,D-road proxy; B-coordinates,C-开放路网计算；不是货车/危运合规路线
A0704,C11,collection,东莞虚拟回收/检测中心,P21E,echelon,广东瑞科美电源技术有限公司（梯次功能）,77.28343572424338,82.4602,64.61666666666666,OSRM driving/car,2026-08-15,D-road proxy; B-coordinates,C-开放路网计算；不是货车/危运合规路线
A0705,C11,collection,东莞虚拟回收/检测中心,P21R,recycling,广东瑞科美电源技术有限公司（再生功能）,77.28343572424338,82.4602,64.61666666666666,OSRM driving/car,2026-08-15,D-road proxy; B-coordinates,C-开放路网计算；不是货车/危运合规路线
A0706,C12,collection,中山虚拟回收/检测中心,P01,recycling,汕尾比亚迪废旧动力电池回收项目,245.26425371053216,238.8434,173.86,OSRM driving/car,2026-08-15,D-road proxy; B-coordinates,C-开放路网计算；不是货车/危运合规路线
A0707,C12,collection,中山虚拟回收/检测中心,P02E,echelon,广东光华科技股份有限公司（梯次功能）,419.44492112015877,410.59090000000003,290.86333333333334,OSRM driving/car,2026-08-15,D-road proxy; B-coordinates,C-开放路网计算；不是货车/危运合规路线
A0708,C12,collection,中山虚拟回收/检测中心,P02R,recycling,广东光华科技股份有限公司（再生功能）,419.44492112015877,410.59090000000003,290.86333333333334,OSRM driving/car,2026-08-15,D-road proxy; B-coordinates,C-开放路网计算；不是货车/危运合规路线
A0709,C12,collection,中山虚拟回收/检测中心,P03,echelon,深圳深汕特别合作区乾泰技术有限公司,269.3238430803518,268.8607,209.50833333333333,OSRM driving/car,2026-08-15,D-road proxy; B-coordinates,C-开放路网计算；不是货车/危运合规路线
A0710,C12,collection,中山虚拟回收/检测中心,P04,echelon,珠海中力新能源科技有限公司,39.969720769320794,43.703300000000006,42.18333333333333,OSRM driving/car,2026-08-15,D-road proxy; B-coordinates,C-开放路网计算；不是货车/危运合规路线
A0711,C12,collection,中山虚拟回收/检测中心,P05,echelon,惠州市恒创睿能环保科技有限公司,148.87711821877198,146.90079999999998,116.59666666666666,OSRM driving/car,2026-08-15,D-road proxy; B-coordinates,C-开放路网计算；不是货车/危运合规路线
A0712,C12,collection,中山虚拟回收/检测中心,P06,echelon,江门市朗达锂电池有限公司,39.22129266425868,39.5464,35.535,OSRM driving/car,2026-08-15,D-road proxy; B-coordinates,C-开放路网计算；不是货车/危运合规路线
A0713,C12,collection,中山虚拟回收/检测中心,P07,echelon,广东迪度新能源有限公司,79.79519060047858,81.4106,72.66000000000001,OSRM driving/car,2026-08-15,D-road proxy; B-coordinates,C-开放路网计算；不是货车/危运合规路线
A0714,C12,collection,中山虚拟回收/检测中心,P08,echelon,东莞市博森新能源有限公司,79.79519060047858,81.4106,72.66000000000001,OSRM driving/car,2026-08-15,D-road proxy; B-coordinates,C-开放路网计算；不是货车/危运合规路线
A0715,C12,collection,中山虚拟回收/检测中心,P09,echelon,广东宇阳新能源有限公司,79.79519060047858,81.4106,72.66000000000001,OSRM driving/car,2026-08-15,D-road proxy; B-coordinates,C-开放路网计算；不是货车/危运合规路线
A0716,C12,collection,中山虚拟回收/检测中心,P10,echelon,广州广汽商贸再生资源有限公司,82.79613442153406,82.532,63.019999999999996,OSRM driving/car,2026-08-15,D-road proxy; B-coordinates,C-开放路网计算；不是货车/危运合规路线
A0717,C12,collection,中山虚拟回收/检测中心,P11,echelon,深圳市杰成镍钴新能源科技有限公司,82.31192214368541,85.22619999999999,68.96166666666666,OSRM driving/car,2026-08-15,D-road proxy; B-coordinates,C-开放路网计算；不是货车/危运合规路线
A0718,C12,collection,中山虚拟回收/检测中心,P12,recycling,江门市恒创睿能环保科技有限公司,39.22129266425868,39.5464,35.535,OSRM driving/car,2026-08-15,D-road proxy; B-coordinates,C-开放路网计算；不是货车/危运合规路线
A0719,C12,collection,中山虚拟回收/检测中心,P13,recycling,广东佳纳能源科技有限公司,160.66540404712987,156.5989,117.08999999999999,OSRM driving/car,2026-08-15,D-road proxy; B-coordinates,C-开放路网计算；不是货车/危运合规路线
A0720,C12,collection,中山虚拟回收/检测中心,P14,echelon,格林美（深圳）循环科技有限公司,82.31192214368541,85.22619999999999,68.96166666666666,OSRM driving/car,2026-08-15,D-road proxy; B-coordinates,C-开放路网计算；不是货车/危运合规路线
A0721,C12,collection,中山虚拟回收/检测中心,P15,echelon,绿循新能源科技（佛山）有限责任公司,75.10964913262345,75.559,59.56166666666666,OSRM driving/car,2026-08-15,D-road proxy; B-coordinates,C-开放路网计算；不是货车/危运合规路线
A0722,C12,collection,中山虚拟回收/检测中心,P16,echelon,深圳艾云动智慧科技有限公司,82.31192214368541,85.22619999999999,68.96166666666666,OSRM driving/car,2026-08-15,D-road proxy; B-coordinates,C-开放路网计算；不是货车/危运合规路线
A0723,C12,collection,中山虚拟回收/检测中心,P17,echelon,深圳市荣高晟新能源科技有限公司,82.31192214368541,85.22619999999999,68.96166666666666,OSRM driving/car,2026-08-15,D-road proxy; B-coordinates,C-开放路网计算；不是货车/危运合规路线
A0724,C12,collection,中山虚拟回收/检测中心,P18,echelon,中商锂新能源科技（惠州）有限公司,148.87711821877198,146.90079999999998,116.59666666666666,OSRM driving/car,2026-08-15,D-road proxy; B-coordinates,C-开放路网计算；不是货车/危运合规路线
A0725,C12,collection,中山虚拟回收/检测中心,P19,recycling,广东盛祥新材料科技有限公司,312.80688178629845,315.4167,227.55333333333334,OSRM driving/car,2026-08-15,D-road proxy; B-coordinates,C-开放路网计算；不是货车/危运合规路线
A0726,C12,collection,中山虚拟回收/检测中心,P20E,echelon,广东金晟新能源股份有限公司（梯次功能）,134.2064883138392,141.1441,108.295,OSRM driving/car,2026-08-15,D-road proxy; B-coordinates,C-开放路网计算；不是货车/危运合规路线
A0727,C12,collection,中山虚拟回收/检测中心,P20R,recycling,广东金晟新能源股份有限公司（再生功能）,134.2064883138392,141.1441,108.295,OSRM driving/car,2026-08-15,D-road proxy; B-coordinates,C-开放路网计算；不是货车/危运合规路线
A0728,C12,collection,中山虚拟回收/检测中心,P21E,echelon,广东瑞科美电源技术有限公司（梯次功能）,75.10964913262345,75.559,59.56166666666666,OSRM driving/car,2026-08-15,D-road proxy; B-coordinates,C-开放路网计算；不是货车/危运合规路线
A0729,C12,collection,中山虚拟回收/检测中心,P21R,recycling,广东瑞科美电源技术有限公司（再生功能）,75.10964913262345,75.559,59.56166666666666,OSRM driving/car,2026-08-15,D-road proxy; B-coordinates,C-开放路网计算；不是货车/危运合规路线
A0730,C13,collection,江门虚拟回收/检测中心,P01,recycling,汕尾比亚迪废旧动力电池回收项目,281.8818022594885,280.0438,199.225,OSRM driving/car,2026-08-15,D-road proxy; B-coordinates,C-开放路网计算；不是货车/危运合规路线
A0731,C13,collection,江门虚拟回收/检测中心,P02E,echelon,广东光华科技股份有限公司（梯次功能）,454.35854812853415,451.7913,316.22833333333335,OSRM driving/car,2026-08-15,D-road proxy; B-coordinates,C-开放路网计算；不是货车/危运合规路线
A0732,C13,collection,江门虚拟回收/检测中心,P02R,recycling,广东光华科技股份有限公司（再生功能）,454.35854812853415,451.7913,316.22833333333335,OSRM driving/car,2026-08-15,D-road proxy; B-coordinates,C-开放路网计算；不是货车/危运合规路线
A0733,C13,collection,江门虚拟回收/检测中心,P03,echelon,深圳深汕特别合作区乾泰技术有限公司,304.8551803783433,307.7616,230.31833333333333,OSRM driving/car,2026-08-15,D-road proxy; B-coordinates,C-开放路网计算；不是货车/危运合规路线
A0734,C13,collection,江门虚拟回收/检测中心,P04,echelon,珠海中力新能源科技有限公司,73.6969883389518,82.6083,62.593333333333334,OSRM driving/car,2026-08-15,D-road proxy; B-coordinates,C-开放路网计算；不是货车/危运合规路线
A0735,C13,collection,江门虚拟回收/检测中心,P05,echelon,惠州市恒创睿能环保科技有限公司,178.96752942018048,185.8017,137.40666666666667,OSRM driving/car,2026-08-15,D-road proxy; B-coordinates,C-开放路网计算；不是货车/危运合规路线
A0736,C13,collection,江门虚拟回收/检测中心,P06,echelon,江门市朗达锂电池有限公司,0.0,0.0,0.0,OSRM driving/car,2026-08-15,D-road proxy; B-coordinates,C-开放路网计算；不是货车/危运合规路线
A0737,C13,collection,江门虚拟回收/检测中心,P07,echelon,广东迪度新能源有限公司,100.84581605844396,123.1212,92.67166666666667,OSRM driving/car,2026-08-15,D-road proxy; B-coordinates,C-开放路网计算；不是货车/危运合规路线
A0738,C13,collection,江门虚拟回收/检测中心,P08,echelon,东莞市博森新能源有限公司,100.84581605844396,123.1212,92.67166666666667,OSRM driving/car,2026-08-15,D-road proxy; B-coordinates,C-开放路网计算；不是货车/危运合规路线
A0739,C13,collection,江门虚拟回收/检测中心,P09,echelon,广东宇阳新能源有限公司,100.84581605844396,123.1212,92.67166666666667,OSRM driving/car,2026-08-15,D-road proxy; B-coordinates,C-开放路网计算；不是货车/危运合规路线
A0740,C13,collection,江门虚拟回收/检测中心,P10,echelon,广州广汽商贸再生资源有限公司,76.3956958586808,82.7962,65.80833333333334,OSRM driving/car,2026-08-15,D-road proxy; B-coordinates,C-开放路网计算；不是货车/危运合规路线
A0741,C13,collection,江门虚拟回收/检测中心,P11,echelon,深圳市杰成镍钴新能源科技有限公司,120.66466151382667,126.42660000000001,94.32666666666667,OSRM driving/car,2026-08-15,D-road proxy; B-coordinates,C-开放路网计算；不是货车/危运合规路线
A0742,C13,collection,江门虚拟回收/检测中心,P12,recycling,江门市恒创睿能环保科技有限公司,0.0,0.0,0.0,OSRM driving/car,2026-08-15,D-road proxy; B-coordinates,C-开放路网计算；不是货车/危运合规路线
A0743,C13,collection,江门虚拟回收/检测中心,P13,recycling,广东佳纳能源科技有限公司,147.02898541450745,144.4254,114.02666666666667,OSRM driving/car,2026-08-15,D-road proxy; B-coordinates,C-开放路网计算；不是货车/危运合规路线
A0744,C13,collection,江门虚拟回收/检测中心,P14,echelon,格林美（深圳）循环科技有限公司,120.66466151382667,126.42660000000001,94.32666666666667,OSRM driving/car,2026-08-15,D-road proxy; B-coordinates,C-开放路网计算；不是货车/危运合规路线
A0745,C13,collection,江门虚拟回收/检测中心,P15,echelon,绿循新能源科技（佛山）有限责任公司,59.22325916789457,67.43960000000001,53.09166666666667,OSRM driving/car,2026-08-15,D-road proxy; B-coordinates,C-开放路网计算；不是货车/危运合规路线
A0746,C13,collection,江门虚拟回收/检测中心,P16,echelon,深圳艾云动智慧科技有限公司,120.66466151382667,126.42660000000001,94.32666666666667,OSRM driving/car,2026-08-15,D-road proxy; B-coordinates,C-开放路网计算；不是货车/危运合规路线
A0747,C13,collection,江门虚拟回收/检测中心,P17,echelon,深圳市荣高晟新能源科技有限公司,120.66466151382667,126.42660000000001,94.32666666666667,OSRM driving/car,2026-08-15,D-road proxy; B-coordinates,C-开放路网计算；不是货车/危运合规路线
A0748,C13,collection,江门虚拟回收/检测中心,P18,echelon,中商锂新能源科技（惠州）有限公司,178.96752942018048,185.8017,137.40666666666667,OSRM driving/car,2026-08-15,D-road proxy; B-coordinates,C-开放路网计算；不是货车/危运合规路线
A0749,C13,collection,江门虚拟回收/检测中心,P19,recycling,广东盛祥新材料科技有限公司,313.42946331342586,316.6007,228.19166666666666,OSRM driving/car,2026-08-15,D-road proxy; B-coordinates,C-开放路网计算；不是货车/危运合规路线
A0750,C13,collection,江门虚拟回收/检测中心,P20E,echelon,广东金晟新能源股份有限公司（梯次功能）,98.20082167156956,104.22710000000001,80.53833333333334,OSRM driving/car,2026-08-15,D-road proxy; B-coordinates,C-开放路网计算；不是货车/危运合规路线
A0751,C13,collection,江门虚拟回收/检测中心,P20R,recycling,广东金晟新能源股份有限公司（再生功能）,98.20082167156956,104.22710000000001,80.53833333333334,OSRM driving/car,2026-08-15,D-road proxy; B-coordinates,C-开放路网计算；不是货车/危运合规路线
A0752,C13,collection,江门虚拟回收/检测中心,P21E,echelon,广东瑞科美电源技术有限公司（梯次功能）,59.22325916789457,67.43960000000001,53.09166666666667,OSRM driving/car,2026-08-15,D-road proxy; B-coordinates,C-开放路网计算；不是货车/危运合规路线
A0753,C13,collection,江门虚拟回收/检测中心,P21R,recycling,广东瑞科美电源技术有限公司（再生功能）,59.22325916789457,67.43960000000001,53.09166666666667,OSRM driving/car,2026-08-15,D-road proxy; B-coordinates,C-开放路网计算；不是货车/危运合规路线
A0754,C14,collection,阳江虚拟回收/检测中心,P01,recycling,汕尾比亚迪废旧动力电池回收项目,450.7268839403576,438.6945,303.63,OSRM driving/car,2026-08-15,D-road proxy; B-coordinates,C-开放路网计算；不是货车/危运合规路线
A0755,C14,collection,阳江虚拟回收/检测中心,P02E,echelon,广东光华科技股份有限公司（梯次功能）,625.3796721915959,610.4419,420.6333333333333,OSRM driving/car,2026-08-15,D-road proxy; B-coordinates,C-开放路网计算；不是货车/危运合规路线
A0756,C14,collection,阳江虚拟回收/检测中心,P02R,recycling,广东光华科技股份有限公司（再生功能）,625.3796721915959,610.4419,420.6333333333333,OSRM driving/car,2026-08-15,D-road proxy; B-coordinates,C-开放路网计算；不是货车/危运合规路线
A0757,C14,collection,阳江虚拟回收/检测中心,P03,echelon,深圳深汕特别合作区乾泰技术有限公司,475.24115449069046,466.1564,339.4433333333333,OSRM driving/car,2026-08-15,D-road proxy; B-coordinates,C-开放路网计算；不是货车/危运合规路线
A0758,C14,collection,阳江虚拟回收/检测中心,P04,echelon,珠海中力新能源科技有限公司,222.31046381687938,242.77429999999998,167.715,OSRM driving/car,2026-08-15,D-road proxy; B-coordinates,C-开放路网计算；不是货车/危运合规路线
A0759,C14,collection,阳江虚拟回收/检测中心,P05,echelon,惠州市恒创睿能环保科技有限公司,351.17072385173043,351.8615,245.29833333333332,OSRM driving/car,2026-08-15,D-road proxy; B-coordinates,C-开放路网计算；不是货车/危运合规路线
A0760,C14,collection,阳江虚拟回收/检测中心,P06,echelon,江门市朗达锂电池有限公司,172.24234503832372,174.3725,121.62666666666668,OSRM driving/car,2026-08-15,D-road proxy; B-coordinates,C-开放路网计算；不是货车/危运合规路线
A0761,C14,collection,阳江虚拟回收/检测中心,P07,echelon,广东迪度新能源有限公司,271.30826923165324,283.8999,194.47333333333333,OSRM driving/car,2026-08-15,D-road proxy; B-coordinates,C-开放路网计算；不是货车/危运合规路线
A0762,C14,collection,阳江虚拟回收/检测中心,P08,echelon,东莞市博森新能源有限公司,271.30826923165324,283.8999,194.47333333333333,OSRM driving/car,2026-08-15,D-road proxy; B-coordinates,C-开放路网计算；不是货车/危运合规路线
A0763,C14,collection,阳江虚拟回收/检测中心,P09,echelon,广东宇阳新能源有限公司,271.30826923165324,283.8999,194.47333333333333,OSRM driving/car,2026-08-15,D-road proxy; B-coordinates,C-开放路网计算；不是货车/危运合规路线
A0764,C14,collection,阳江虚拟回收/检测中心,P10,echelon,广州广汽商贸再生资源有限公司,228.13253822875888,233.70170000000002,163.39,OSRM driving/car,2026-08-15,D-road proxy; B-coordinates,C-开放路网计算；不是货车/危运合规路线
A0765,C14,collection,阳江虚拟回收/检测中心,P11,echelon,深圳市杰成镍钴新能源科技有限公司,286.6932251227238,285.0773,198.73166666666665,OSRM driving/car,2026-08-15,D-road proxy; B-coordinates,C-开放路网计算；不是货车/危运合规路线
A0766,C14,collection,阳江虚拟回收/检测中心,P12,recycling,江门市恒创睿能环保科技有限公司,172.24234503832372,174.3725,121.62666666666668,OSRM driving/car,2026-08-15,D-road proxy; B-coordinates,C-开放路网计算；不是货车/危运合规路线
A0767,C14,collection,阳江虚拟回收/检测中心,P13,recycling,广东佳纳能源科技有限公司,262.9480259372752,264.9295,188.735,OSRM driving/car,2026-08-15,D-road proxy; B-coordinates,C-开放路网计算；不是货车/危运合规路线
A0768,C14,collection,阳江虚拟回收/检测中心,P14,echelon,格林美（深圳）循环科技有限公司,286.6932251227238,285.0773,198.73166666666665,OSRM driving/car,2026-08-15,D-road proxy; B-coordinates,C-开放路网计算；不是货车/危运合规路线
A0769,C14,collection,阳江虚拟回收/检测中心,P15,echelon,绿循新能源科技（佛山）有限责任公司,205.69397617582445,210.554,144.70499999999998,OSRM driving/car,2026-08-15,D-road proxy; B-coordinates,C-开放路网计算；不是货车/危运合规路线
A0770,C14,collection,阳江虚拟回收/检测中心,P16,echelon,深圳艾云动智慧科技有限公司,286.6932251227238,285.0773,198.73166666666665,OSRM driving/car,2026-08-15,D-road proxy; B-coordinates,C-开放路网计算；不是货车/危运合规路线
A0771,C14,collection,阳江虚拟回收/检测中心,P17,echelon,深圳市荣高晟新能源科技有限公司,286.6932251227238,285.0773,198.73166666666665,OSRM driving/car,2026-08-15,D-road proxy; B-coordinates,C-开放路网计算；不是货车/危运合规路线
A0772,C14,collection,阳江虚拟回收/检测中心,P18,echelon,中商锂新能源科技（惠州）有限公司,351.17072385173043,351.8615,245.29833333333332,OSRM driving/car,2026-08-15,D-road proxy; B-coordinates,C-开放路网计算；不是货车/危运合规路线
A0773,C14,collection,阳江虚拟回收/检测中心,P19,recycling,广东盛祥新材料科技有限公司,441.6558572790621,436.28479999999996,310.92333333333335,OSRM driving/car,2026-08-15,D-road proxy; B-coordinates,C-开放路网计算；不是货车/危运合规路线
A0774,C14,collection,阳江虚拟回收/检测中心,P20E,echelon,广东金晟新能源股份有限公司（梯次功能）,152.24398513792852,157.7159,112.49666666666667,OSRM driving/car,2026-08-15,D-road proxy; B-coordinates,C-开放路网计算；不是货车/危运合规路线
A0775,C14,collection,阳江虚拟回收/检测中心,P20R,recycling,广东金晟新能源股份有限公司（再生功能）,152.24398513792852,157.7159,112.49666666666667,OSRM driving/car,2026-08-15,D-road proxy; B-coordinates,C-开放路网计算；不是货车/危运合规路线
A0776,C14,collection,阳江虚拟回收/检测中心,P21E,echelon,广东瑞科美电源技术有限公司（梯次功能）,205.69397617582445,210.554,144.70499999999998,OSRM driving/car,2026-08-15,D-road proxy; B-coordinates,C-开放路网计算；不是货车/危运合规路线
A0777,C14,collection,阳江虚拟回收/检测中心,P21R,recycling,广东瑞科美电源技术有限公司（再生功能）,205.69397617582445,210.554,144.70499999999998,OSRM driving/car,2026-08-15,D-road proxy; B-coordinates,C-开放路网计算；不是货车/危运合规路线
A0778,C15,collection,湛江虚拟回收/检测中心,P01,recycling,汕尾比亚迪废旧动力电池回收项目,651.9216434624044,619.7298000000001,420.3666666666667,OSRM driving/car,2026-08-15,D-road proxy; B-coordinates,C-开放路网计算；不是货车/危运合规路线
A0779,C15,collection,湛江虚拟回收/检测中心,P02E,echelon,广东光华科技股份有限公司（梯次功能）,828.3713526049856,791.4771999999999,537.37,OSRM driving/car,2026-08-15,D-road proxy; B-coordinates,C-开放路网计算；不是货车/危运合规路线
A0780,C15,collection,湛江虚拟回收/检测中心,P02R,recycling,广东光华科技股份有限公司（再生功能）,828.3713526049856,791.4771999999999,537.37,OSRM driving/car,2026-08-15,D-road proxy; B-coordinates,C-开放路网计算；不是货车/危运合规路线
A0781,C15,collection,湛江虚拟回收/检测中心,P03,echelon,深圳深汕特别合作区乾泰技术有限公司,677.999715742461,655.378,454.315,OSRM driving/car,2026-08-15,D-road proxy; B-coordinates,C-开放路网计算；不是货车/危运合规路线
A0782,C15,collection,湛江虚拟回收/检测中心,P04,echelon,珠海中力新能源科技有限公司,420.3939061655412,407.71520000000004,277.53499999999997,OSRM driving/car,2026-08-15,D-road proxy; B-coordinates,C-开放路网计算；不是货车/危运合规路线
A0783,C15,collection,湛江虚拟回收/检测中心,P05,echelon,惠州市恒创睿能环保科技有限公司,558.1215185443488,532.7683000000001,359.97333333333336,OSRM driving/car,2026-08-15,D-road proxy; B-coordinates,C-开放路网计算；不是货车/危运合规路线
A0784,C15,collection,湛江虚拟回收/检测中心,P06,echelon,江门市朗达锂电池有限公司,379.3560995691944,355.2792,236.30166666666668,OSRM driving/car,2026-08-15,D-road proxy; B-coordinates,C-开放路网计算；不是货车/危运合规路线
A0785,C15,collection,湛江虚拟回收/检测中心,P07,echelon,广东迪度新能源有限公司,479.3156543516013,464.8066,309.14833333333337,OSRM driving/car,2026-08-15,D-road proxy; B-coordinates,C-开放路网计算；不是货车/危运合规路线
A0786,C15,collection,湛江虚拟回收/检测中心,P08,echelon,东莞市博森新能源有限公司,479.3156543516013,464.8066,309.14833333333337,OSRM driving/car,2026-08-15,D-road proxy; B-coordinates,C-开放路网计算；不是货车/危运合规路线
A0787,C15,collection,湛江虚拟回收/检测中心,P09,echelon,广东宇阳新能源有限公司,479.3156543516013,464.8066,309.14833333333337,OSRM driving/car,2026-08-15,D-road proxy; B-coordinates,C-开放路网计算；不是货车/危运合规路线
A0788,C15,collection,湛江虚拟回收/检测中心,P10,echelon,广州广汽商贸再生资源有限公司,435.86375186529995,417.4008,278.50333333333333,OSRM driving/car,2026-08-15,D-road proxy; B-coordinates,C-开放路网计算；不是货车/危运合规路线
A0789,C15,collection,湛江虚拟回收/检测中心,P11,echelon,深圳市杰成镍钴新能源科技有限公司,488.3737657884904,466.1125,315.4683333333333,OSRM driving/car,2026-08-15,D-road proxy; B-coordinates,C-开放路网计算；不是货车/危运合规路线
A0790,C15,collection,湛江虚拟回收/检测中心,P12,recycling,江门市恒创睿能环保科技有限公司,379.3560995691944,355.2792,236.30166666666668,OSRM driving/car,2026-08-15,D-road proxy; B-coordinates,C-开放路网计算；不是货车/危运合规路线
A0791,C15,collection,湛江虚拟回收/检测中心,P13,recycling,广东佳纳能源科技有限公司,462.40989323879114,457.82120000000003,319.5783333333333,OSRM driving/car,2026-08-15,D-road proxy; B-coordinates,C-开放路网计算；不是货车/危运合规路线
A0792,C15,collection,湛江虚拟回收/检测中心,P14,echelon,格林美（深圳）循环科技有限公司,488.3737657884904,466.1125,315.4683333333333,OSRM driving/car,2026-08-15,D-road proxy; B-coordinates,C-开放路网计算；不是货车/危运合规路线
A0793,C15,collection,湛江虚拟回收/检测中心,P15,echelon,绿循新能源科技（佛山）有限责任公司,413.4873083569706,396.1833,263.6166666666667,OSRM driving/car,2026-08-15,D-road proxy; B-coordinates,C-开放路网计算；不是货车/危运合规路线
A0794,C15,collection,湛江虚拟回收/检测中心,P16,echelon,深圳艾云动智慧科技有限公司,488.3737657884904,466.1125,315.4683333333333,OSRM driving/car,2026-08-15,D-road proxy; B-coordinates,C-开放路网计算；不是货车/危运合规路线
A0795,C15,collection,湛江虚拟回收/检测中心,P17,echelon,深圳市荣高晟新能源科技有限公司,488.3737657884904,466.1125,315.4683333333333,OSRM driving/car,2026-08-15,D-road proxy; B-coordinates,C-开放路网计算；不是货车/危运合规路线
A0796,C15,collection,湛江虚拟回收/检测中心,P18,echelon,中商锂新能源科技（惠州）有限公司,558.1215185443488,532.7683000000001,359.97333333333336,OSRM driving/car,2026-08-15,D-road proxy; B-coordinates,C-开放路网计算；不是货车/危运合规路线
A0797,C15,collection,湛江虚拟回收/检测中心,P19,recycling,广东盛祥新材料科技有限公司,636.9781427860692,645.3444000000001,438.71666666666664,OSRM driving/car,2026-08-15,D-road proxy; B-coordinates,C-开放路网计算；不是货车/危运合规路线
A0798,C15,collection,湛江虚拟回收/检测中心,P20E,echelon,广东金晟新能源股份有限公司（梯次功能）,351.9646269546589,350.6076,243.34,OSRM driving/car,2026-08-15,D-road proxy; B-coordinates,C-开放路网计算；不是货车/危运合规路线
A0799,C15,collection,湛江虚拟回收/检测中心,P20R,recycling,广东金晟新能源股份有限公司（再生功能）,351.9646269546589,350.6076,243.34,OSRM driving/car,2026-08-15,D-road proxy; B-coordinates,C-开放路网计算；不是货车/危运合规路线
A0800,C15,collection,湛江虚拟回收/检测中心,P21E,echelon,广东瑞科美电源技术有限公司（梯次功能）,413.4873083569706,396.1833,263.6166666666667,OSRM driving/car,2026-08-15,D-road proxy; B-coordinates,C-开放路网计算；不是货车/危运合规路线
A0801,C15,collection,湛江虚拟回收/检测中心,P21R,recycling,广东瑞科美电源技术有限公司（再生功能）,413.4873083569706,396.1833,263.6166666666667,OSRM driving/car,2026-08-15,D-road proxy; B-coordinates,C-开放路网计算；不是货车/危运合规路线
A0802,C16,collection,茂名虚拟回收/检测中心,P01,recycling,汕尾比亚迪废旧动力电池回收项目,568.7841924114106,538.6722,370.38,OSRM driving/car,2026-08-15,D-road proxy; B-coordinates,C-开放路网计算；不是货车/危运合规路线
A0803,C16,collection,茂名虚拟回收/检测中心,P02E,echelon,广东光华科技股份有限公司（梯次功能）,744.5218279389317,710.4196,487.3833333333333,OSRM driving/car,2026-08-15,D-road proxy; B-coordinates,C-开放路网计算；不是货车/危运合规路线
A0804,C16,collection,茂名虚拟回收/检测中心,P02R,recycling,广东光华科技股份有限公司（再生功能）,744.5218279389317,710.4196,487.3833333333333,OSRM driving/car,2026-08-15,D-road proxy; B-coordinates,C-开放路网计算；不是货车/危运合规路线
A0805,C16,collection,茂名虚拟回收/检测中心,P03,echelon,深圳深汕特别合作区乾泰技术有限公司,594.1606647071775,574.3204000000001,404.3283333333333,OSRM driving/car,2026-08-15,D-road proxy; B-coordinates,C-开放路网计算；不是货车/危运合规路线
A0806,C16,collection,茂名虚拟回收/检测中心,P04,echelon,珠海中力新能源科技有限公司,337.94547424500036,326.65770000000003,227.54833333333332,OSRM driving/car,2026-08-15,D-road proxy; B-coordinates,C-开放路网计算；不是货车/危运合规路线
A0807,C16,collection,茂名虚拟回收/检测中心,P05,echelon,惠州市恒创睿能环保科技有限公司,472.0511550369907,451.71070000000003,309.9866666666667,OSRM driving/car,2026-08-15,D-road proxy; B-coordinates,C-开放路网计算；不是货车/危运合规路线
A0808,C16,collection,茂名虚拟回收/检测中心,P06,echelon,江门市朗达锂电池有限公司,293.09106494828376,274.2217,186.315,OSRM driving/car,2026-08-15,D-road proxy; B-coordinates,C-开放路网计算；不是货车/危运合规路线
A0809,C16,collection,茂名虚拟回收/检测中心,P07,echelon,广东迪度新能源有限公司,392.5078157037128,383.7491,259.1616666666667,OSRM driving/car,2026-08-15,D-road proxy; B-coordinates,C-开放路网计算；不是货车/危运合规路线
A0810,C16,collection,茂名虚拟回收/检测中心,P08,echelon,东莞市博森新能源有限公司,392.5078157037128,383.7491,259.1616666666667,OSRM driving/car,2026-08-15,D-road proxy; B-coordinates,C-开放路网计算；不是货车/危运合规路线
A0811,C16,collection,茂名虚拟回收/检测中心,P09,echelon,广东宇阳新能源有限公司,392.5078157037128,383.7491,259.1616666666667,OSRM driving/car,2026-08-15,D-road proxy; B-coordinates,C-开放路网计算；不是货车/危运合规路线
A0812,C16,collection,茂名虚拟回收/检测中心,P10,echelon,广州广汽商贸再生资源有限公司,348.28546413377285,336.3432,228.51666666666668,OSRM driving/car,2026-08-15,D-road proxy; B-coordinates,C-开放路网计算；不是货车/危运合规路线
A0813,C16,collection,茂名虚拟回收/检测中心,P11,echelon,深圳市杰成镍钴新能源科技有限公司,404.74229830480357,385.05490000000003,265.4816666666667,OSRM driving/car,2026-08-15,D-road proxy; B-coordinates,C-开放路网计算；不是货车/危运合规路线
A0814,C16,collection,茂名虚拟回收/检测中心,P12,recycling,江门市恒创睿能环保科技有限公司,293.09106494828376,274.2217,186.315,OSRM driving/car,2026-08-15,D-road proxy; B-coordinates,C-开放路网计算；不是货车/危运合规路线
A0815,C16,collection,茂名虚拟回收/检测中心,P13,recycling,广东佳纳能源科技有限公司,375.7877970270814,363.3835,262.87333333333333,OSRM driving/car,2026-08-15,D-road proxy; B-coordinates,C-开放路网计算；不是货车/危运合规路线
A0816,C16,collection,茂名虚拟回收/检测中心,P14,echelon,格林美（深圳）循环科技有限公司,404.74229830480357,385.05490000000003,265.4816666666667,OSRM driving/car,2026-08-15,D-road proxy; B-coordinates,C-开放路网计算；不是货车/危运合规路线
A0817,C16,collection,茂名虚拟回收/检测中心,P15,echelon,绿循新能源科技（佛山）有限责任公司,325.92386177012366,315.12579999999997,213.63,OSRM driving/car,2026-08-15,D-road proxy; B-coordinates,C-开放路网计算；不是货车/危运合规路线
A0818,C16,collection,茂名虚拟回收/检测中心,P16,echelon,深圳艾云动智慧科技有限公司,404.74229830480357,385.05490000000003,265.4816666666667,OSRM driving/car,2026-08-15,D-road proxy; B-coordinates,C-开放路网计算；不是货车/危运合规路线
A0819,C16,collection,茂名虚拟回收/检测中心,P17,echelon,深圳市荣高晟新能源科技有限公司,404.74229830480357,385.05490000000003,265.4816666666667,OSRM driving/car,2026-08-15,D-road proxy; B-coordinates,C-开放路网计算；不是货车/危运合规路线
A0820,C16,collection,茂名虚拟回收/检测中心,P18,echelon,中商锂新能源科技（惠州）有限公司,472.0511550369907,451.71070000000003,309.9866666666667,OSRM driving/car,2026-08-15,D-road proxy; B-coordinates,C-开放路网计算；不是货车/危运合规路线
A0821,C16,collection,茂名虚拟回收/检测中心,P19,recycling,广东盛祥新材料科技有限公司,551.5998500712193,534.7389000000001,385.06166666666667,OSRM driving/car,2026-08-15,D-road proxy; B-coordinates,C-开放路网计算；不是货车/危运合规路线
A0822,C16,collection,茂名虚拟回收/检测中心,P20E,echelon,广东金晟新能源股份有限公司（梯次功能）,264.97558445306174,256.1699,186.63500000000002,OSRM driving/car,2026-08-15,D-road proxy; B-coordinates,C-开放路网计算；不是货车/危运合规路线
A0823,C16,collection,茂名虚拟回收/检测中心,P20R,recycling,广东金晟新能源股份有限公司（再生功能）,264.97558445306174,256.1699,186.63500000000002,OSRM driving/car,2026-08-15,D-road proxy; B-coordinates,C-开放路网计算；不是货车/危运合规路线
A0824,C16,collection,茂名虚拟回收/检测中心,P21E,echelon,广东瑞科美电源技术有限公司（梯次功能）,325.92386177012366,315.12579999999997,213.63,OSRM driving/car,2026-08-15,D-road proxy; B-coordinates,C-开放路网计算；不是货车/危运合规路线
A0825,C16,collection,茂名虚拟回收/检测中心,P21R,recycling,广东瑞科美电源技术有限公司（再生功能）,325.92386177012366,315.12579999999997,213.63,OSRM driving/car,2026-08-15,D-road proxy; B-coordinates,C-开放路网计算；不是货车/危运合规路线
A0826,C17,collection,肇庆虚拟回收/检测中心,P01,recycling,汕尾比亚迪废旧动力电池回收项目,356.1012752762718,358.1613,250.07666666666668,OSRM driving/car,2026-08-15,D-road proxy; B-coordinates,C-开放路网计算；不是货车/危运合规路线
A0827,C17,collection,肇庆虚拟回收/检测中心,P02E,echelon,广东光华科技股份有限公司（梯次功能）,518.7961723587362,510.1762,357.9583333333333,OSRM driving/car,2026-08-15,D-road proxy; B-coordinates,C-开放路网计算；不是货车/危运合规路线
A0828,C17,collection,肇庆虚拟回收/检测中心,P02R,recycling,广东光华科技股份有限公司（再生功能）,518.7961723587362,510.1762,357.9583333333333,OSRM driving/car,2026-08-15,D-road proxy; B-coordinates,C-开放路网计算；不是货车/危运合规路线
A0829,C17,collection,肇庆虚拟回收/检测中心,P03,echelon,深圳深汕特别合作区乾泰技术有限公司,374.5160449794057,371.8442,278.31666666666666,OSRM driving/car,2026-08-15,D-road proxy; B-coordinates,C-开放路网计算；不是货车/危运合规路线
A0830,C17,collection,肇庆虚拟回收/检测中心,P04,echelon,珠海中力新能源科技有限公司,171.67709725824648,183.4304,136.80666666666667,OSRM driving/car,2026-08-15,D-road proxy; B-coordinates,C-开放路网计算；不是货车/危运合规路线
A0831,C17,collection,肇庆虚拟回收/检测中心,P05,echelon,惠州市恒创睿能环保科技有限公司,239.7967570099756,236.063,168.925,OSRM driving/car,2026-08-15,D-road proxy; B-coordinates,C-开放路网计算；不是货车/危运合规路线
A0832,C17,collection,肇庆虚拟回收/检测中心,P06,echelon,江门市朗达锂电池有限公司,98.20082167156956,101.9135,83.305,OSRM driving/car,2026-08-15,D-road proxy; B-coordinates,C-开放路网计算；不是货车/危运合规路线
A0833,C17,collection,肇庆虚拟回收/检测中心,P07,echelon,广东迪度新能源有限公司,157.83268942296343,156.82410000000002,122.795,OSRM driving/car,2026-08-15,D-road proxy; B-coordinates,C-开放路网计算；不是货车/危运合规路线
A0834,C17,collection,肇庆虚拟回收/检测中心,P08,echelon,东莞市博森新能源有限公司,157.83268942296343,156.82410000000002,122.795,OSRM driving/car,2026-08-15,D-road proxy; B-coordinates,C-开放路网计算；不是货车/危运合规路线
A0835,C17,collection,肇庆虚拟回收/检测中心,P09,echelon,广东宇阳新能源有限公司,157.83268942296343,156.82410000000002,122.795,OSRM driving/car,2026-08-15,D-road proxy; B-coordinates,C-开放路网计算；不是货车/危运合规路线
A0836,C17,collection,肇庆虚拟回收/检测中心,P10,echelon,广州广汽商贸再生资源有限公司,98.58397364775895,97.8653,81.24499999999999,OSRM driving/car,2026-08-15,D-road proxy; B-coordinates,C-开放路网计算；不是货车/危运合规路线
A0837,C17,collection,肇庆虚拟回收/检测中心,P11,echelon,深圳市杰成镍钴新能源科技有限公司,207.3785732131572,227.31560000000002,165.75833333333333,OSRM driving/car,2026-08-15,D-road proxy; B-coordinates,C-开放路网计算；不是货车/危运合规路线
A0838,C17,collection,肇庆虚拟回收/检测中心,P12,recycling,江门市恒创睿能环保科技有限公司,98.20082167156956,101.9135,83.305,OSRM driving/car,2026-08-15,D-road proxy; B-coordinates,C-开放路网计算；不是货车/危运合规路线
A0839,C17,collection,肇庆虚拟回收/检测中心,P13,recycling,广东佳纳能源科技有限公司,111.19371737991149,111.92,91.99666666666667,OSRM driving/car,2026-08-15,D-road proxy; B-coordinates,C-开放路网计算；不是货车/危运合规路线
A0840,C17,collection,肇庆虚拟回收/检测中心,P14,echelon,格林美（深圳）循环科技有限公司,207.3785732131572,227.31560000000002,165.75833333333333,OSRM driving/car,2026-08-15,D-road proxy; B-coordinates,C-开放路网计算；不是货车/危运合规路线
A0841,C17,collection,肇庆虚拟回收/检测中心,P15,echelon,绿循新能源科技（佛山）有限责任公司,80.57782241114403,84.96539999999999,73.87833333333333,OSRM driving/car,2026-08-15,D-road proxy; B-coordinates,C-开放路网计算；不是货车/危运合规路线
A0842,C17,collection,肇庆虚拟回收/检测中心,P16,echelon,深圳艾云动智慧科技有限公司,207.3785732131572,227.31560000000002,165.75833333333333,OSRM driving/car,2026-08-15,D-road proxy; B-coordinates,C-开放路网计算；不是货车/危运合规路线
A0843,C17,collection,肇庆虚拟回收/检测中心,P17,echelon,深圳市荣高晟新能源科技有限公司,207.3785732131572,227.31560000000002,165.75833333333333,OSRM driving/car,2026-08-15,D-road proxy; B-coordinates,C-开放路网计算；不是货车/危运合规路线
A0844,C17,collection,肇庆虚拟回收/检测中心,P18,echelon,中商锂新能源科技（惠州）有限公司,239.7967570099756,236.063,168.925,OSRM driving/car,2026-08-15,D-road proxy; B-coordinates,C-开放路网计算；不是货车/危运合规路线
A0845,C17,collection,肇庆虚拟回收/检测中心,P19,recycling,广东盛祥新材料科技有限公司,289.43307246740227,284.1009,215.84,OSRM driving/car,2026-08-15,D-road proxy; B-coordinates,C-开放路网计算；不是货车/危运合规路线
A0846,C17,collection,肇庆虚拟回收/检测中心,P20E,echelon,广东金晟新能源股份有限公司（梯次功能）,0.0,0.0,0.0,OSRM driving/car,2026-08-15,D-road proxy; B-coordinates,C-开放路网计算；不是货车/危运合规路线
A0847,C17,collection,肇庆虚拟回收/检测中心,P20R,recycling,广东金晟新能源股份有限公司（再生功能）,0.0,0.0,0.0,OSRM driving/car,2026-08-15,D-road proxy; B-coordinates,C-开放路网计算；不是货车/危运合规路线
A0848,C17,collection,肇庆虚拟回收/检测中心,P21E,echelon,广东瑞科美电源技术有限公司（梯次功能）,80.57782241114403,84.96539999999999,73.87833333333333,OSRM driving/car,2026-08-15,D-road proxy; B-coordinates,C-开放路网计算；不是货车/危运合规路线
A0849,C17,collection,肇庆虚拟回收/检测中心,P21R,recycling,广东瑞科美电源技术有限公司（再生功能）,80.57782241114403,84.96539999999999,73.87833333333333,OSRM driving/car,2026-08-15,D-road proxy; B-coordinates,C-开放路网计算；不是货车/危运合规路线
A0850,C18,collection,清远虚拟回收/检测中心,P01,recycling,汕尾比亚迪废旧动力电池回收项目,303.5147954453087,307.1555,215.72666666666666,OSRM driving/car,2026-08-15,D-road proxy; B-coordinates,C-开放路网计算；不是货车/危运合规路线
A0851,C18,collection,清远虚拟回收/检测中心,P02E,echelon,广东光华科技股份有限公司（梯次功能）,445.8822972488896,427.3829,305.58,OSRM driving/car,2026-08-15,D-road proxy; B-coordinates,C-开放路网计算；不是货车/危运合规路线
A0852,C18,collection,清远虚拟回收/检测中心,P02R,recycling,广东光华科技股份有限公司（再生功能）,445.8822972488896,427.3829,305.58,OSRM driving/car,2026-08-15,D-road proxy; B-coordinates,C-开放路网计算；不是货车/危运合规路线
A0853,C18,collection,清远虚拟回收/检测中心,P03,echelon,深圳深汕特别合作区乾泰技术有限公司,314.3082033676746,320.83840000000004,243.96666666666667,OSRM driving/car,2026-08-15,D-road proxy; B-coordinates,C-开放路网计算；不是货车/危运合规路线
A0854,C18,collection,清远虚拟回收/检测中心,P04,echelon,珠海中力新能源科技有限公司,198.69550482506634,199.00279999999998,146.87,OSRM driving/car,2026-08-15,D-road proxy; B-coordinates,C-开放路网计算；不是货车/危运合规路线
A0855,C18,collection,清远虚拟回收/检测中心,P05,echelon,惠州市恒创睿能环保科技有限公司,183.368389563571,185.05720000000002,134.575,OSRM driving/car,2026-08-15,D-road proxy; B-coordinates,C-开放路网计算；不是货车/危运合规路线
A0856,C18,collection,清远虚拟回收/检测中心,P06,echelon,江门市朗达锂电池有限公司,147.02898541450745,142.3946,113.225,OSRM driving/car,2026-08-15,D-road proxy; B-coordinates,C-开放路网计算；不是货车/危运合规路线
A0857,C18,collection,清远虚拟回收/检测中心,P07,echelon,广东迪度新能源有限公司,122.93685817460485,136.18220000000002,101.675,OSRM driving/car,2026-08-15,D-road proxy; B-coordinates,C-开放路网计算；不是货车/危运合规路线
A0858,C18,collection,清远虚拟回收/检测中心,P08,echelon,东莞市博森新能源有限公司,122.93685817460485,136.18220000000002,101.675,OSRM driving/car,2026-08-15,D-road proxy; B-coordinates,C-开放路网计算；不是货车/危运合规路线
A0859,C18,collection,清远虚拟回收/检测中心,P09,echelon,广东宇阳新能源有限公司,122.93685817460485,136.18220000000002,101.675,OSRM driving/car,2026-08-15,D-road proxy; B-coordinates,C-开放路网计算；不是货车/危运合规路线
A0860,C18,collection,清远虚拟回收/检测中心,P10,echelon,广州广汽商贸再生资源有限公司,78.25907590976536,77.3604,58.531666666666666,OSRM driving/car,2026-08-15,D-road proxy; B-coordinates,C-开放路网计算；不是货车/危运合规路线
A0861,C18,collection,清远虚拟回收/检测中心,P11,echelon,深圳市杰成镍钴新能源科技有限公司,195.61734579697602,204.8805,143.91666666666666,OSRM driving/car,2026-08-15,D-road proxy; B-coordinates,C-开放路网计算；不是货车/危运合规路线
A0862,C18,collection,清远虚拟回收/检测中心,P12,recycling,江门市恒创睿能环保科技有限公司,147.02898541450745,142.3946,113.225,OSRM driving/car,2026-08-15,D-road proxy; B-coordinates,C-开放路网计算；不是货车/危运合规路线
A0863,C18,collection,清远虚拟回收/检测中心,P13,recycling,广东佳纳能源科技有限公司,0.0,0.0,0.0,OSRM driving/car,2026-08-15,D-road proxy; B-coordinates,C-开放路网计算；不是货车/危运合规路线
A0864,C18,collection,清远虚拟回收/检测中心,P14,echelon,格林美（深圳）循环科技有限公司,195.61734579697602,204.8805,143.91666666666666,OSRM driving/car,2026-08-15,D-road proxy; B-coordinates,C-开放路网计算；不是货车/危运合规路线
A0865,C18,collection,清远虚拟回收/检测中心,P15,echelon,绿循新能源科技（佛山）有限责任公司,88.3391479847887,94.902,73.80666666666666,OSRM driving/car,2026-08-15,D-road proxy; B-coordinates,C-开放路网计算；不是货车/危运合规路线
A0866,C18,collection,清远虚拟回收/检测中心,P16,echelon,深圳艾云动智慧科技有限公司,195.61734579697602,204.8805,143.91666666666666,OSRM driving/car,2026-08-15,D-road proxy; B-coordinates,C-开放路网计算；不是货车/危运合规路线
A0867,C18,collection,清远虚拟回收/检测中心,P17,echelon,深圳市荣高晟新能源科技有限公司,195.61734579697602,204.8805,143.91666666666666,OSRM driving/car,2026-08-15,D-road proxy; B-coordinates,C-开放路网计算；不是货车/危运合规路线
A0868,C18,collection,清远虚拟回收/检测中心,P18,echelon,中商锂新能源科技（惠州）有限公司,183.368389563571,185.05720000000002,134.575,OSRM driving/car,2026-08-15,D-road proxy; B-coordinates,C-开放路网计算；不是货车/危运合规路线
A0869,C18,collection,清远虚拟回收/检测中心,P19,recycling,广东盛祥新材料科技有限公司,179.19087548833554,180.8531,141.05,OSRM driving/car,2026-08-15,D-road proxy; B-coordinates,C-开放路网计算；不是货车/危运合规路线
A0870,C18,collection,清远虚拟回收/检测中心,P20E,echelon,广东金晟新能源股份有限公司（梯次功能）,111.19371737991149,109.3077,89.50333333333333,OSRM driving/car,2026-08-15,D-road proxy; B-coordinates,C-开放路网计算；不是货车/危运合规路线
A0871,C18,collection,清远虚拟回收/检测中心,P20R,recycling,广东金晟新能源股份有限公司（再生功能）,111.19371737991149,109.3077,89.50333333333333,OSRM driving/car,2026-08-15,D-road proxy; B-coordinates,C-开放路网计算；不是货车/危运合规路线
A0872,C18,collection,清远虚拟回收/检测中心,P21E,echelon,广东瑞科美电源技术有限公司（梯次功能）,88.3391479847887,94.902,73.80666666666666,OSRM driving/car,2026-08-15,D-road proxy; B-coordinates,C-开放路网计算；不是货车/危运合规路线
A0873,C18,collection,清远虚拟回收/检测中心,P21R,recycling,广东瑞科美电源技术有限公司（再生功能）,88.3391479847887,94.902,73.80666666666666,OSRM driving/car,2026-08-15,D-road proxy; B-coordinates,C-开放路网计算；不是货车/危运合规路线
A0874,C19,collection,潮州虚拟回收/检测中心,P01,recycling,汕尾比亚迪废旧动力电池回收项目,190.30362453394847,185.5768,132.255,OSRM driving/car,2026-08-15,D-road proxy; B-coordinates,C-开放路网计算；不是货车/危运合规路线
A0875,C19,collection,潮州虚拟回收/检测中心,P02E,echelon,广东光华科技股份有限公司（梯次功能）,40.66307002511119,40.9946,39.92666666666666,OSRM driving/car,2026-08-15,D-road proxy; B-coordinates,C-开放路网计算；不是货车/危运合规路线
A0876,C19,collection,潮州虚拟回收/检测中心,P02R,recycling,广东光华科技股份有限公司（再生功能）,40.66307002511119,40.9946,39.92666666666666,OSRM driving/car,2026-08-15,D-road proxy; B-coordinates,C-开放路网计算；不是货车/危运合规路线
A0877,C19,collection,潮州虚拟回收/检测中心,P03,echelon,深圳深汕特别合作区乾泰技术有限公司,160.93051256166157,169.58589999999998,137.645,OSRM driving/car,2026-08-15,D-road proxy; B-coordinates,C-开放路网计算；不是货车/危运合规路线
A0878,C19,collection,潮州虚拟回收/检测中心,P04,echelon,珠海中力新能源科技有限公司,417.4782471021128,441.9423,313.8066666666667,OSRM driving/car,2026-08-15,D-road proxy; B-coordinates,C-开放路网计算；不是货车/危运合规路线
A0879,C19,collection,潮州虚拟回收/检测中心,P05,echelon,惠州市恒创睿能环保科技有限公司,279.9607688576769,274.8254,200.32833333333335,OSRM driving/car,2026-08-15,D-road proxy; B-coordinates,C-开放路网计算；不是货车/危运合规路线
A0880,C19,collection,潮州虚拟回收/检测中心,P06,echelon,江门市朗达锂电池有限公司,457.9707384090611,441.4133,312.53499999999997,OSRM driving/car,2026-08-15,D-road proxy; B-coordinates,C-开放路网计算；不是货车/危运合规路线
A0881,C19,collection,潮州虚拟回收/检测中心,P07,echelon,广东迪度新能源有限公司,362.40036847399165,350.4906,242.985,OSRM driving/car,2026-08-15,D-road proxy; B-coordinates,C-开放路网计算；不是货车/危运合规路线
A0882,C19,collection,潮州虚拟回收/检测中心,P08,echelon,东莞市博森新能源有限公司,362.40036847399165,350.4906,242.985,OSRM driving/car,2026-08-15,D-road proxy; B-coordinates,C-开放路网计算；不是货车/危运合规路线
A0883,C19,collection,潮州虚拟回收/检测中心,P09,echelon,广东宇阳新能源有限公司,362.40036847399165,350.4906,242.985,OSRM driving/car,2026-08-15,D-road proxy; B-coordinates,C-开放路网计算；不是货车/危运合规路线
A0884,C19,collection,潮州虚拟回收/检测中心,P10,echelon,广州广汽商贸再生资源有限公司,417.6343351726079,402.3869,280.30333333333334,OSRM driving/car,2026-08-15,D-road proxy; B-coordinates,C-开放路网计算；不是货车/危运合规路线
A0885,C19,collection,潮州虚拟回收/检测中心,P11,echelon,深圳市杰成镍钴新能源科技有限公司,348.1177194815358,330.90479999999997,235.79500000000002,OSRM driving/car,2026-08-15,D-road proxy; B-coordinates,C-开放路网计算；不是货车/危运合规路线
A0886,C19,collection,潮州虚拟回收/检测中心,P12,recycling,江门市恒创睿能环保科技有限公司,457.9707384090611,441.4133,312.53499999999997,OSRM driving/car,2026-08-15,D-road proxy; B-coordinates,C-开放路网计算；不是货车/危运合规路线
A0887,C19,collection,潮州虚拟回收/检测中心,P13,recycling,广东佳纳能源科技有限公司,436.26608004764904,414.7952,296.29833333333335,OSRM driving/car,2026-08-15,D-road proxy; B-coordinates,C-开放路网计算；不是货车/危运合规路线
A0888,C19,collection,潮州虚拟回收/检测中心,P14,echelon,格林美（深圳）循环科技有限公司,348.1177194815358,330.90479999999997,235.79500000000002,OSRM driving/car,2026-08-15,D-road proxy; B-coordinates,C-开放路网计算；不是货车/危运合规路线
A0889,C19,collection,潮州虚拟回收/检测中心,P15,echelon,绿循新能源科技（佛山）有限责任公司,437.5544631248995,428.2513,298.65,OSRM driving/car,2026-08-15,D-road proxy; B-coordinates,C-开放路网计算；不是货车/危运合规路线
A0890,C19,collection,潮州虚拟回收/检测中心,P16,echelon,深圳艾云动智慧科技有限公司,348.1177194815358,330.90479999999997,235.79500000000002,OSRM driving/car,2026-08-15,D-road proxy; B-coordinates,C-开放路网计算；不是货车/危运合规路线
A0891,C19,collection,潮州虚拟回收/检测中心,P17,echelon,深圳市荣高晟新能源科技有限公司,348.1177194815358,330.90479999999997,235.79500000000002,OSRM driving/car,2026-08-15,D-road proxy; B-coordinates,C-开放路网计算；不是货车/危运合规路线
A0892,C19,collection,潮州虚拟回收/检测中心,P18,echelon,中商锂新能源科技（惠州）有限公司,279.9607688576769,274.8254,200.32833333333335,OSRM driving/car,2026-08-15,D-road proxy; B-coordinates,C-开放路网计算；不是货车/危运合规路线
A0893,C19,collection,潮州虚拟回收/检测中心,P19,recycling,广东盛祥新材料科技有限公司,375.50319781414925,417.6153,308.53499999999997,OSRM driving/car,2026-08-15,D-road proxy; B-coordinates,C-开放路网计算；不是货车/危运合规路线
A0894,C19,collection,潮州虚拟回收/检测中心,P20E,echelon,广东金晟新能源股份有限公司（梯次功能）,515.9814766304124,497.6209,349.06666666666666,OSRM driving/car,2026-08-15,D-road proxy; B-coordinates,C-开放路网计算；不是货车/危运合规路线
A0895,C19,collection,潮州虚拟回收/检测中心,P20R,recycling,广东金晟新能源股份有限公司（再生功能）,515.9814766304124,497.6209,349.06666666666666,OSRM driving/car,2026-08-15,D-road proxy; B-coordinates,C-开放路网计算；不是货车/危运合规路线
A0896,C19,collection,潮州虚拟回收/检测中心,P21E,echelon,广东瑞科美电源技术有限公司（梯次功能）,437.5544631248995,428.2513,298.65,OSRM driving/car,2026-08-15,D-road proxy; B-coordinates,C-开放路网计算；不是货车/危运合规路线
A0897,C19,collection,潮州虚拟回收/检测中心,P21R,recycling,广东瑞科美电源技术有限公司（再生功能）,437.5544631248995,428.2513,298.65,OSRM driving/car,2026-08-15,D-road proxy; B-coordinates,C-开放路网计算；不是货车/危运合规路线
A0898,C20,collection,揭阳虚拟回收/检测中心,P01,recycling,汕尾比亚迪废旧动力电池回收项目,157.214971985547,157.7425,113.925,OSRM driving/car,2026-08-15,D-road proxy; B-coordinates,C-开放路网计算；不是货车/危运合规路线
A0899,C20,collection,揭阳虚拟回收/检测中心,P02E,echelon,广东光华科技股份有限公司（梯次功能）,46.098821191901905,46.2965,37.35,OSRM driving/car,2026-08-15,D-road proxy; B-coordinates,C-开放路网计算；不是货车/危运合规路线
A0900,C20,collection,揭阳虚拟回收/检测中心,P02R,recycling,广东光华科技股份有限公司（再生功能）,46.098821191901905,46.2965,37.35,OSRM driving/car,2026-08-15,D-road proxy; B-coordinates,C-开放路网计算；不是货车/危运合规路线
A0901,C20,collection,揭阳虚拟回收/检测中心,P03,echelon,深圳深汕特别合作区乾泰技术有限公司,127.54320301757497,141.7516,119.315,OSRM driving/car,2026-08-15,D-road proxy; B-coordinates,C-开放路网计算；不是货车/危运合规路线
A0902,C20,collection,揭阳虚拟回收/检测中心,P04,echelon,珠海中力新能源科技有限公司,383.6871953974436,414.108,295.47666666666663,OSRM driving/car,2026-08-15,D-road proxy; B-coordinates,C-开放路网计算；不是货车/危运合规路线
A0903,C20,collection,揭阳虚拟回收/检测中心,P05,echelon,惠州市恒创睿能环保科技有限公司,246.6776550795714,246.99110000000002,181.99833333333333,OSRM driving/car,2026-08-15,D-road proxy; B-coordinates,C-开放路网计算；不是货车/危运合规路线
A0904,C20,collection,揭阳虚拟回收/检测中心,P06,echelon,江门市朗达锂电池有限公司,424.40000183942857,413.579,294.205,OSRM driving/car,2026-08-15,D-road proxy; B-coordinates,C-开放路网计算；不是货车/危运合规路线
A0905,C20,collection,揭阳虚拟回收/检测中心,P07,echelon,广东迪度新能源有限公司,329.2829682634781,322.6563,224.655,OSRM driving/car,2026-08-15,D-road proxy; B-coordinates,C-开放路网计算；不是货车/危运合规路线
A0906,C20,collection,揭阳虚拟回收/检测中心,P08,echelon,东莞市博森新能源有限公司,329.2829682634781,322.6563,224.655,OSRM driving/car,2026-08-15,D-road proxy; B-coordinates,C-开放路网计算；不是货车/危运合规路线
A0907,C20,collection,揭阳虚拟回收/检测中心,P09,echelon,广东宇阳新能源有限公司,329.2829682634781,322.6563,224.655,OSRM driving/car,2026-08-15,D-road proxy; B-coordinates,C-开放路网计算；不是货车/危运合规路线
A0908,C20,collection,揭阳虚拟回收/检测中心,P10,echelon,广州广汽商贸再生资源有限公司,385.08202812819275,374.5526,261.9733333333333,OSRM driving/car,2026-08-15,D-road proxy; B-coordinates,C-开放路网计算；不是货车/危运合规路线
A0909,C20,collection,揭阳虚拟回收/检测中心,P11,echelon,深圳市杰成镍钴新能源科技有限公司,314.31523480563175,303.0705,217.465,OSRM driving/car,2026-08-15,D-road proxy; B-coordinates,C-开放路网计算；不是货车/危运合规路线
A0910,C20,collection,揭阳虚拟回收/检测中心,P12,recycling,江门市恒创睿能环保科技有限公司,424.40000183942857,413.579,294.205,OSRM driving/car,2026-08-15,D-road proxy; B-coordinates,C-开放路网计算；不是货车/危运合规路线
A0911,C20,collection,揭阳虚拟回收/检测中心,P13,recycling,广东佳纳能源科技有限公司,405.9416860213948,386.96090000000004,277.9683333333333,OSRM driving/car,2026-08-15,D-road proxy; B-coordinates,C-开放路网计算；不是货车/危运合规路线
A0912,C20,collection,揭阳虚拟回收/检测中心,P14,echelon,格林美（深圳）循环科技有限公司,314.31523480563175,303.0705,217.465,OSRM driving/car,2026-08-15,D-road proxy; B-coordinates,C-开放路网计算；不是货车/危运合规路线
A0913,C20,collection,揭阳虚拟回收/检测中心,P15,echelon,绿循新能源科技（佛山）有限责任公司,404.77843839887186,400.417,280.32,OSRM driving/car,2026-08-15,D-road proxy; B-coordinates,C-开放路网计算；不是货车/危运合规路线
A0914,C20,collection,揭阳虚拟回收/检测中心,P16,echelon,深圳艾云动智慧科技有限公司,314.31523480563175,303.0705,217.465,OSRM driving/car,2026-08-15,D-road proxy; B-coordinates,C-开放路网计算；不是货车/危运合规路线
A0915,C20,collection,揭阳虚拟回收/检测中心,P17,echelon,深圳市荣高晟新能源科技有限公司,314.31523480563175,303.0705,217.465,OSRM driving/car,2026-08-15,D-road proxy; B-coordinates,C-开放路网计算；不是货车/危运合规路线
A0916,C20,collection,揭阳虚拟回收/检测中心,P18,echelon,中商锂新能源科技（惠州）有限公司,246.6776550795714,246.99110000000002,181.99833333333333,OSRM driving/car,2026-08-15,D-road proxy; B-coordinates,C-开放路网计算；不是货车/危运合规路线
A0917,C20,collection,揭阳虚拟回收/检测中心,P19,recycling,广东盛祥新材料科技有限公司,354.3772228511982,390.4708,291.2183333333333,OSRM driving/car,2026-08-15,D-road proxy; B-coordinates,C-开放路网计算；不是货车/危运合规路线
A0918,C20,collection,揭阳虚拟回收/检测中心,P20E,echelon,广东金晟新能源股份有限公司（梯次功能）,483.5501987128742,469.78659999999996,330.7366666666667,OSRM driving/car,2026-08-15,D-road proxy; B-coordinates,C-开放路网计算；不是货车/危运合规路线
A0919,C20,collection,揭阳虚拟回收/检测中心,P20R,recycling,广东金晟新能源股份有限公司（再生功能）,483.5501987128742,469.78659999999996,330.7366666666667,OSRM driving/car,2026-08-15,D-road proxy; B-coordinates,C-开放路网计算；不是货车/危运合规路线
A0920,C20,collection,揭阳虚拟回收/检测中心,P21E,echelon,广东瑞科美电源技术有限公司（梯次功能）,404.77843839887186,400.417,280.32,OSRM driving/car,2026-08-15,D-road proxy; B-coordinates,C-开放路网计算；不是货车/危运合规路线
A0921,C20,collection,揭阳虚拟回收/检测中心,P21R,recycling,广东瑞科美电源技术有限公司（再生功能）,404.77843839887186,400.417,280.32,OSRM driving/car,2026-08-15,D-road proxy; B-coordinates,C-开放路网计算；不是货车/危运合规路线
A0922,C21,collection,云浮虚拟回收/检测中心,P01,recycling,汕尾比亚迪废旧动力电池回收项目,435.4677059603121,441.8015,304.24833333333333,OSRM driving/car,2026-08-15,D-road proxy; B-coordinates,C-开放路网计算；不是货车/危运合规路线
A0923,C21,collection,云浮虚拟回收/检测中心,P02E,echelon,广东光华科技股份有限公司（梯次功能）,601.3705692723286,593.8164,412.13,OSRM driving/car,2026-08-15,D-road proxy; B-coordinates,C-开放路网计算；不是货车/危运合规路线
A0924,C21,collection,云浮虚拟回收/检测中心,P02R,recycling,广东光华科技股份有限公司（再生功能）,601.3705692723286,593.8164,412.13,OSRM driving/car,2026-08-15,D-road proxy; B-coordinates,C-开放路网计算；不是货车/危运合规路线
A0925,C21,collection,云浮虚拟回收/检测中心,P03,echelon,深圳深汕特别合作区乾泰技术有限公司,455.41833629892034,455.48440000000005,332.48833333333334,OSRM driving/car,2026-08-15,D-road proxy; B-coordinates,C-开放路网计算；不是货车/危运合规路线
A0926,C21,collection,云浮虚拟回收/检测中心,P04,echelon,珠海中力新能源科技有限公司,230.79716660051145,246.8161,174.98666666666668,OSRM driving/car,2026-08-15,D-road proxy; B-coordinates,C-开放路网计算；不是货车/危运合规路线
A0927,C21,collection,云浮虚拟回收/检测中心,P05,echelon,惠州市恒创睿能环保科技有限公司,321.82250195374496,319.70320000000004,223.09666666666666,OSRM driving/car,2026-08-15,D-road proxy; B-coordinates,C-开放路网计算；不是货车/危运合规路线
A0928,C21,collection,云浮虚拟回收/检测中心,P06,echelon,江门市朗达锂电池有限公司,160.29151114661695,167.4085,122.115,OSRM driving/car,2026-08-15,D-road proxy; B-coordinates,C-开放路网计算；不是货车/危运合规路线
A0929,C21,collection,云浮虚拟回收/检测中心,P07,echelon,广东迪度新能源有限公司,239.07084014080786,244.1204,173.39333333333335,OSRM driving/car,2026-08-15,D-road proxy; B-coordinates,C-开放路网计算；不是货车/危运合规路线
A0930,C21,collection,云浮虚拟回收/检测中心,P08,echelon,东莞市博森新能源有限公司,239.07084014080786,244.1204,173.39333333333335,OSRM driving/car,2026-08-15,D-road proxy; B-coordinates,C-开放路网计算；不是货车/危运合规路线
A0931,C21,collection,云浮虚拟回收/检测中心,P09,echelon,广东宇阳新能源有限公司,239.07084014080786,244.1204,173.39333333333335,OSRM driving/car,2026-08-15,D-road proxy; B-coordinates,C-开放路网计算；不是货车/危运合规路线
A0932,C21,collection,云浮虚拟回收/检测中心,P10,echelon,广州广汽商贸再生资源有限公司,181.95921019073626,185.1616,131.84333333333333,OSRM driving/car,2026-08-15,D-road proxy; B-coordinates,C-开放路网计算；不是货车/危运合规路线
A0933,C21,collection,云浮虚拟回收/检测中心,P11,echelon,深圳市杰成镍钴新能源科技有限公司,279.6377737499675,286.25079999999997,205.08333333333334,OSRM driving/car,2026-08-15,D-road proxy; B-coordinates,C-开放路网计算；不是货车/危运合规路线
A0934,C21,collection,云浮虚拟回收/检测中心,P12,recycling,江门市恒创睿能环保科技有限公司,160.29151114661695,167.4085,122.115,OSRM driving/car,2026-08-15,D-road proxy; B-coordinates,C-开放路网计算；不是货车/危运合规路线
A0935,C21,collection,云浮虚拟回收/检测中心,P13,recycling,广东佳纳能源科技有限公司,188.23018139973763,206.3306,151.97666666666666,OSRM driving/car,2026-08-15,D-road proxy; B-coordinates,C-开放路网计算；不是货车/危运合规路线
A0936,C21,collection,云浮虚拟回收/检测中心,P14,echelon,格林美（深圳）循环科技有限公司,279.6377737499675,286.25079999999997,205.08333333333334,OSRM driving/car,2026-08-15,D-road proxy; B-coordinates,C-开放路网计算；不是货车/危运合规路线
A0937,C21,collection,云浮虚拟回收/检测中心,P15,echelon,绿循新能源科技（佛山）有限责任公司,162.32048508893257,172.26170000000002,124.47666666666667,OSRM driving/car,2026-08-15,D-road proxy; B-coordinates,C-开放路网计算；不是货车/危运合规路线
A0938,C21,collection,云浮虚拟回收/检测中心,P16,echelon,深圳艾云动智慧科技有限公司,279.6377737499675,286.25079999999997,205.08333333333334,OSRM driving/car,2026-08-15,D-road proxy; B-coordinates,C-开放路网计算；不是货车/危运合规路线
A0939,C21,collection,云浮虚拟回收/检测中心,P17,echelon,深圳市荣高晟新能源科技有限公司,279.6377737499675,286.25079999999997,205.08333333333334,OSRM driving/car,2026-08-15,D-road proxy; B-coordinates,C-开放路网计算；不是货车/危运合规路线
A0940,C21,collection,云浮虚拟回收/检测中心,P18,echelon,中商锂新能源科技（惠州）有限公司,321.82250195374496,319.70320000000004,223.09666666666666,OSRM driving/car,2026-08-15,D-road proxy; B-coordinates,C-开放路网计算；不是货车/危运合规路线
A0941,C21,collection,云浮虚拟回收/检测中心,P19,recycling,广东盛祥新材料科技有限公司,359.95540729726775,378.5116,275.82,OSRM driving/car,2026-08-15,D-road proxy; B-coordinates,C-开放路网计算；不是货车/危运合规路线
A0942,C21,collection,云浮虚拟回收/检测中心,P20E,echelon,广东金晟新能源股份有限公司（梯次功能）,84.3101346674444,99.117,75.73833333333333,OSRM driving/car,2026-08-15,D-road proxy; B-coordinates,C-开放路网计算；不是货车/危运合规路线
A0943,C21,collection,云浮虚拟回收/检测中心,P20R,recycling,广东金晟新能源股份有限公司（再生功能）,84.3101346674444,99.117,75.73833333333333,OSRM driving/car,2026-08-15,D-road proxy; B-coordinates,C-开放路网计算；不是货车/危运合规路线
A0944,C21,collection,云浮虚拟回收/检测中心,P21E,echelon,广东瑞科美电源技术有限公司（梯次功能）,162.32048508893257,172.26170000000002,124.47666666666667,OSRM driving/car,2026-08-15,D-road proxy; B-coordinates,C-开放路网计算；不是货车/危运合规路线
A0945,C21,collection,云浮虚拟回收/检测中心,P21R,recycling,广东瑞科美电源技术有限公司（再生功能）,162.32048508893257,172.26170000000002,124.47666666666667,OSRM driving/car,2026-08-15,D-road proxy; B-coordinates,C-开放路网计算；不是货车/危运合规路线
