scenario,distance_source,stage,origin_id,destination_id,destination_physical_id,flow_tons,distance_km,tonne_km
baseline,osrm,source_collection,GD01,C02_S,C02,902.1803930131005,141.4812,127641.56461996507
baseline,osrm,source_collection,GD02,C02_S,C02,871.4678689956331,0.0,0.0
baseline,osrm,source_collection,GD03,C02_S,C02,106.30372375545852,102.1378,10857.628476190272
baseline,osrm,source_collection,GD04,C20_E,C20,119.38725898689955,46.2723,5524.3230640195125
baseline,osrm,source_collection,GD05,C02_S,C02,42.52526317030558,142.9087,6077.230076826249
baseline,osrm,source_collection,GD05,C17_E,C17,188.4789862270743,85.2239,16062.914274317558
baseline,osrm,source_collection,GD08,C20_E,C20,46.345198742358086,114.1457,5290.1051520855835
baseline,osrm,source_collection,GD09,C02_S,C02,133.24628544978165,88.7728,11828.645848976377
baseline,osrm,source_collection,GD10,C20_E,C20,53.58951534497817,127.7243,6844.683334776595
baseline,osrm,source_collection,GD11,C02_S,C02,265.7669875196506,74.33330000000001,19755.337213394447
baseline,osrm,source_collection,GD12,C02_S,C02,203.6240342358079,85.22619999999999,17354.10266658781
baseline,osrm,source_collection,GD13,C02_S,C02,63.72464827074236,126.4266,8056.490617065835
baseline,osrm,source_collection,GD17,C17_E,C17,39.104721205240175,0.0,0.0
baseline,osrm,source_collection,GD18,C17_E,C17,43.45054335371179,109.3077,4749.478957744522
baseline,osrm,source_collection,GD19,C20_E,C20,30.413076908296944,30.5228,928.2922638565659
baseline,osrm,source_collection,GD20,C20_E,C20,72.4162925676856,0.0,0.0
baseline,osrm,source_collection,GD21,C17_E,C17,28.9657492139738,99.117,2870.9981648414414
baseline,osrm,collection_echelon,C02_S,P14,P14,1123.846691436244,0.0,0.0
baseline,osrm,collection_recycling,C02_S,P01,P01,1464.9925129742362,159.5111,233682.5672362847
baseline,osrm,collection_recycling,C17_E,P01,P01,299.9999999999998,358.1613,107448.38999999991
baseline,osrm,collection_recycling,C20_E,P01,P01,322.1513425502184,157.7425,50816.958152227824
baseline,osrm,emergency_outsource,GD06,OUTSOURCE,OUTSOURCE,31.138660288209607,,
baseline,osrm,emergency_outsource,GD07,OUTSOURCE,OUTSOURCE,37.657393510917025,,
baseline,osrm,emergency_outsource,GD14,OUTSOURCE,OUTSOURCE,36.206226751091705,,
baseline,osrm,emergency_outsource,GD15,OUTSOURCE,OUTSOURCE,107.9007750043668,,
baseline,osrm,emergency_outsource,GD16,OUTSOURCE,OUTSOURCE,92.69039748471617,,
proxy_baseline,proxy,source_collection,GD01,C02_S,C02,902.1803930131007,125.09932920710672,112862.1619897428
proxy_baseline,proxy,source_collection,GD02,C02_S,C02,871.4678689956331,0.0,0.0
proxy_baseline,proxy,source_collection,GD03,C02_S,C02,106.30372375545852,69.62293789389439,7401.1775569159945
proxy_baseline,proxy,source_collection,GD04,C08_E,C08,119.38725898689955,142.3374058165527,16993.2727317442
proxy_baseline,proxy,source_collection,GD05,C02_S,C02,42.52526317030569,132.00168158093638,5613.406248152213
proxy_baseline,proxy,source_collection,GD05,C17_E,C17,188.4789862270742,80.57782241114403,15187.226280437644
proxy_baseline,proxy,source_collection,GD07,C08_E,C08,37.657393510917025,131.41703557689866,4948.823022757455
proxy_baseline,proxy,source_collection,GD08,C08_E,C08,46.345198742358086,0.0,0.0
proxy_baseline,proxy,source_collection,GD09,C09_E,C09,133.24628544978165,0.0,0.0
proxy_baseline,proxy,source_collection,GD10,C09_E,C09,53.58951534497817,135.3751705679002,7254.689780477524
proxy_baseline,proxy,source_collection,GD11,C02_S,C02,152.60278831441053,73.7874966555125,11260.177732371449
proxy_baseline,proxy,source_collection,GD11,C09_E,C09,113.1641992052401,82.90044805737128,9381.362818168023
proxy_baseline,proxy,source_collection,GD12,C02_S,C02,203.6240342358079,82.31192214368541,16760.68565260095
proxy_baseline,proxy,source_collection,GD13,C02_S,C02,63.72464827074236,120.66466151382669,7689.313113676788
proxy_baseline,proxy,source_collection,GD17,C17_E,C17,39.104721205240175,0.0,0.0
proxy_baseline,proxy,source_collection,GD18,C17_E,C17,43.45054335371179,111.19371737991148,4831.42743767622
proxy_baseline,proxy,source_collection,GD19,C08_E,C08,30.413076908296944,104.64220370470176,3182.4913891247697
proxy_baseline,proxy,source_collection,GD20,C08_E,C08,72.41629256768537,103.20676285733128,7473.8511340402265
proxy_baseline,proxy,source_collection,GD21,C17_E,C17,28.9657492139738,84.3101346674444,2442.106216973553
proxy_baseline,proxy,collection_echelon,C02_S,P16,P16,1137.0267791650654,0.0,0.0
proxy_baseline,proxy,collection_recycling,C02_S,P01,P01,1205.4019405903932,164.12761660705732,197839.74756262294
proxy_baseline,proxy,collection_recycling,C08_E,P01,P01,306.219220716157,215.52013332303915,65996.4072748233
proxy_baseline,proxy,collection_recycling,C09_E,P01,P01,300.0,120.74332810044686,36222.99843013406
proxy_baseline,proxy,collection_recycling,C17_E,P01,P01,299.99999999999994,356.1012752762718,106830.38258288152
proxy_baseline,proxy,emergency_outsource,GD06,OUTSOURCE,OUTSOURCE,31.138660288209607,,
proxy_baseline,proxy,emergency_outsource,GD14,OUTSOURCE,OUTSOURCE,36.206226751091705,,
proxy_baseline,proxy,emergency_outsource,GD15,OUTSOURCE,OUTSOURCE,107.9007750043668,,
proxy_baseline,proxy,emergency_outsource,GD16,OUTSOURCE,OUTSOURCE,92.69039748471617,,
split_node_legacy,osrm,source_collection,GD01,C02_S,C02,902.1803930131005,141.4812,127641.56461996507
split_node_legacy,osrm,source_collection,GD02,C02_S,C02,871.4678689956331,0.0,0.0
split_node_legacy,osrm,source_collection,GD03,C02_S,C02,106.30372375545852,102.1378,10857.628476190272
split_node_legacy,osrm,source_collection,GD04,C20_E,C20,119.38725898689955,46.2723,5524.3230640195125
split_node_legacy,osrm,source_collection,GD05,C02_S,C02,42.525263170305664,142.9087,6077.230076826261
split_node_legacy,osrm,source_collection,GD05,C17_E,C17,188.47898622707422,85.2239,16062.91427431755
split_node_legacy,osrm,source_collection,GD08,C20_E,C20,46.345198742358086,114.1457,5290.1051520855835
split_node_legacy,osrm,source_collection,GD09,C02_S,C02,133.24628544978165,88.7728,11828.645848976377
split_node_legacy,osrm,source_collection,GD10,C20_E,C20,53.58951534497817,127.7243,6844.683334776595
split_node_legacy,osrm,source_collection,GD11,C02_S,C02,265.7669875196506,74.33330000000001,19755.337213394447
split_node_legacy,osrm,source_collection,GD12,C02_S,C02,203.6240342358079,85.22619999999999,17354.10266658781
split_node_legacy,osrm,source_collection,GD13,C02_S,C02,63.72464827074236,126.4266,8056.490617065835
split_node_legacy,osrm,source_collection,GD17,C17_E,C17,39.104721205240175,0.0,0.0
split_node_legacy,osrm,source_collection,GD18,C17_E,C17,43.45054335371179,109.3077,4749.478957744522
split_node_legacy,osrm,source_collection,GD19,C20_E,C20,30.413076908296944,30.5228,928.2922638565659
split_node_legacy,osrm,source_collection,GD20,C20_E,C20,72.4162925676856,0.0,0.0
split_node_legacy,osrm,source_collection,GD21,C17_E,C17,28.9657492139738,99.117,2870.9981648414414
split_node_legacy,osrm,collection_echelon,C02_S,P18,P18,906.093721543668,88.19930000000001,79916.83197454645
split_node_legacy,osrm,collection_echelon,C17_E,P18,P18,104.99999999999997,236.063,24786.61499999999
split_node_legacy,osrm,collection_echelon,C20_E,P18,P18,112.75296989257642,246.9911,27848.98006203433
split_node_legacy,osrm,collection_recycling,C02_S,P01,P01,1682.7454828668126,159.5111,268416.58299211645
split_node_legacy,osrm,collection_recycling,C17_E,P01,P01,195.0,358.1613,69841.4535
split_node_legacy,osrm,collection_recycling,C20_E,P01,P01,209.39837265764194,157.7425,33031.022798948085
split_node_legacy,osrm,emergency_outsource,GD06,OUTSOURCE,OUTSOURCE,31.138660288209607,,
split_node_legacy,osrm,emergency_outsource,GD07,OUTSOURCE,OUTSOURCE,37.657393510917025,,
split_node_legacy,osrm,emergency_outsource,GD14,OUTSOURCE,OUTSOURCE,36.206226751091705,,
split_node_legacy,osrm,emergency_outsource,GD15,OUTSOURCE,OUTSOURCE,107.9007750043668,,
split_node_legacy,osrm,emergency_outsource,GD16,OUTSOURCE,OUTSOURCE,92.69039748471617,,
local_generic,osrm,source_collection,GD01,C05_S,C05,2255.450982532751,25.4265,57348.224407368994
local_generic,osrm,source_collection,GD02,C02_S,C02,2178.6696724890826,0.0,0.0
local_generic,osrm,source_collection,GD03,C13_S,C13,265.7593093886463,81.7238,21718.86064861585
local_generic,osrm,source_collection,GD04,C02_S,C02,298.46814746724885,332.09520000000003,99119.83912676551
local_generic,osrm,source_collection,GD05,C05_S,C05,577.5106234934497,0.0,0.0
local_generic,osrm,source_collection,GD06,C05_S,C05,77.84665072052401,257.7153,20062.272944435063
local_generic,osrm,source_collection,GD07,C05_S,C05,89.19174325327549,291.10209999999995,25963.903763689323
local_generic,osrm,source_collection,GD07,C13_S,C13,4.951740524017168,347.3153,1719.8152456211799
local_generic,osrm,source_collection,GD08,C02_S,C02,58.82596799126648,343.7588,20221.944165516175
local_generic,osrm,source_collection,GD08,C13_S,C13,57.037028864628724,443.8259000000001,25314.510669169827
local_generic,osrm,source_collection,GD09,C13_S,C13,333.1157136244542,182.8135,60898.04951268416
local_generic,osrm,source_collection,GD10,C02_S,C02,133.97378836244542,188.0076,25188.09041293129
local_generic,osrm,source_collection,GD11,C13_S,C13,664.4174687991266,112.4987,74746.1014971923
local_generic,osrm,source_collection,GD12,C13_S,C13,509.0600855895197,39.5464,20131.49376875738
local_generic,osrm,source_collection,GD13,C13_S,C13,159.31162067685588,0.0,0.0
local_generic,osrm,source_collection,GD14,C13_S,C13,90.51556687772926,174.3725,15783.425685386845
local_generic,osrm,source_collection,GD15,C13_S,C13,269.751937510917,355.2792,95837.25255732858
local_generic,osrm,source_collection,GD16,C13_S,C13,231.7259937117904,274.2217,63544.29592983647
local_generic,osrm,source_collection,GD17,C13_S,C13,97.76180301310043,101.9135,9963.247511375612
local_generic,osrm,source_collection,GD18,C13_S,C13,108.62635838427946,142.3946,15467.80685158612
local_generic,osrm,source_collection,GD19,C02_S,C02,76.03269227074236,330.9048,25159.58282931155
local_generic,osrm,source_collection,GD20,C02_S,C02,181.040731419214,303.0705,54868.10499158689
local_generic,osrm,source_collection,GD21,C13_S,C13,72.4143730349345,167.4085,12122.781568218832
local_generic,osrm,collection_echelon,C02_S,P11,P11,1500.0,0.0,0.0
local_generic,osrm,collection_echelon,C02_S,P17,P17,1427.0109999999995,0.0,0.0
local_generic,osrm,collection_echelon,C05_S,P15,P15,150.0,0.0,0.0
local_generic,osrm,collection_recycling,C05_S,P21R,P21R,2850.0,0.0,0.0
local_generic,osrm,collection_recycling,C13_S,P12,P12,2864.4490000000005,0.0,0.0
local_capture,osrm,source_collection,GD01,C05_S,C05,902.1803930131005,25.4265,22939.2897629476
local_capture,osrm,source_collection,GD02,C02_S,C02,871.4678689956332,0.0,0.0
local_capture,osrm,source_collection,GD03,C05_S,C05,106.30372375545852,120.5508,12814.998941699529
local_capture,osrm,source_collection,GD04,C02_S,C02,119.38725898689955,332.09520000000003,39647.93565070621
local_capture,osrm,source_collection,GD05,C05_S,C05,231.00424939737988,0.0,0.0
local_capture,osrm,source_collection,GD06,C05_S,C05,31.138660288209607,257.7153,8024.909177774026
local_capture,osrm,source_collection,GD07,C05_S,C05,37.657393510917025,291.10209999999995,10962.146331554317
local_capture,osrm,source_collection,GD08,C05_S,C05,46.345198742358086,398.9045,18487.308331720982
local_capture,osrm,source_collection,GD09,C02_S,C02,83.53038719650671,88.7728,7415.226356518051
local_capture,osrm,source_collection,GD09,C05_S,C05,15.482885772925528,158.107,2447.9526208999364
local_capture,osrm,source_collection,GD09,C11_S,C11,34.233012480349416,94.6155,3238.9735923345
local_capture,osrm,source_collection,GD10,C02_S,C02,53.58951534497817,188.0076,10075.236165172517
local_capture,osrm,source_collection,GD11,C11_S,C11,265.7669875196506,0.0,0.0
local_capture,osrm,source_collection,GD12,C05_S,C05,203.6240342358079,75.559,15385.628402823408
local_capture,osrm,source_collection,GD13,C05_S,C05,63.72464827074236,67.43960000000001,4297.564789519557
local_capture,osrm,source_collection,GD14,C05_S,C05,36.206226751091705,210.554,7623.365867349363
local_capture,osrm,source_collection,GD15,C05_S,C05,107.9007750043668,396.1833,42748.48511378755
local_capture,osrm,source_collection,GD16,C05_S,C05,92.69039748471617,315.1258,29209.135659689175
local_capture,osrm,source_collection,GD17,C05_S,C05,39.104721205240175,84.96539999999999,3322.548279091713
local_capture,osrm,source_collection,GD18,C05_S,C05,43.45054335371179,94.902,4123.543465353956
local_capture,osrm,source_collection,GD19,C02_S,C02,30.413076908296944,330.9048,10063.83313172462
local_capture,osrm,source_collection,GD20,C02_S,C02,72.4162925676856,303.0705,21947.24199663476
local_capture,osrm,source_collection,GD21,C05_S,C05,28.9657492139738,172.26170000000002,4989.689201372791
local_capture,osrm,collection_echelon,C02_S,P11,P11,1230.8044000000002,0.0,0.0
local_capture,osrm,collection_recycling,C05_S,P21R,P21R,1985.7795999999996,0.0,0.0
local_capture,osrm,collection_recycling,C11_S,P21R,P21R,300.0,82.4602,24738.06
local_arcs,osrm,source_collection,GD01,C17_S,C17,902.1803930131005,97.7622,88199.14001782534
local_arcs,osrm,source_collection,GD02,C02_S,C02,871.4678689956328,0.0,0.0
local_arcs,osrm,source_collection,GD03,C02_S,C02,106.30372375545848,102.1378,10857.628476190266
local_arcs,osrm,source_collection,GD04,C20_S,C20,119.38725798689956,46.2723,5524.323017747212
local_arcs,osrm,source_collection,GD05,C17_S,C17,231.00424939737988,85.2239,19687.083050217363
local_arcs,osrm,source_collection,GD08,C20_S,C20,46.345197742358096,114.1457,5290.105037939885
local_arcs,osrm,source_collection,GD09,C02_S,C02,133.24628544978194,88.7728,11828.645848976403
local_arcs,osrm,source_collection,GD10,C20_S,C20,53.58951534497817,127.7243,6844.683334776595
local_arcs,osrm,source_collection,GD11,C02_S,C02,265.7669875196506,74.33330000000001,19755.337213394447
local_arcs,osrm,source_collection,GD12,C17_S,C17,203.6240342358079,141.1441,28740.331050582296
local_arcs,osrm,source_collection,GD13,C17_S,C17,63.724648270742506,104.2271,6641.835287779506
local_arcs,osrm,source_collection,GD17,C17_S,C17,39.104721205240175,0.0,0.0
local_arcs,osrm,source_collection,GD18,C17_S,C17,43.45054335371179,109.3077,4749.478957744522
local_arcs,osrm,source_collection,GD19,C20_S,C20,30.413075908296953,30.5228,928.2922333337663
local_arcs,osrm,source_collection,GD20,C20_S,C20,72.41629156768562,0.0,0.0
local_arcs,osrm,source_collection,GD21,C17_S,C17,28.96574821397381,99.117,2870.9980657244423
local_arcs,osrm,collection_echelon,C02_S,P05,P05,801.6953511360256,88.19930000000001,70708.96878345167
local_arcs,osrm,collection_echelon,C20_S,P05,P05,322.1513385502182,246.9911,79568.5134749908
local_arcs,osrm,collection_recycling,C02_S,P20R,P20R,575.0895145844986,216.9584,124770.50094102949
local_arcs,osrm,collection_recycling,C17_S,P20R,P20R,1512.0543376899566,0.0,0.0
local_arcs,osrm,emergency_outsource,GD06,OUTSOURCE,OUTSOURCE,31.138660288209607,,
local_arcs,osrm,emergency_outsource,GD07,OUTSOURCE,OUTSOURCE,37.657393510917025,,
local_arcs,osrm,emergency_outsource,GD14,OUTSOURCE,OUTSOURCE,36.206226751091705,,
local_arcs,osrm,emergency_outsource,GD15,OUTSOURCE,OUTSOURCE,107.9007750043668,,
local_arcs,osrm,emergency_outsource,GD16,OUTSOURCE,OUTSOURCE,92.69039748471617,,
local_ownership,osrm,source_collection,GD01,C01_S,C01,902.1803930131002,0.0,0.0
local_ownership,osrm,source_collection,GD02,C01_S,C01,871.4678689956331,135.1178,117750.82122937815
local_ownership,osrm,source_collection,GD03,C01_S,C01,106.30372375545852,126.5484,13452.566155295268
local_ownership,osrm,source_collection,GD04,C20_E,C20,119.38725898689955,46.2723,5524.3230640195125
local_ownership,osrm,source_collection,GD05,C01_S,C01,231.00424939737988,24.5447,5669.93000018387
local_ownership,osrm,source_collection,GD08,C20_E,C20,46.345198742358086,114.1457,5290.1051520855835
local_ownership,osrm,source_collection,GD09,C01_S,C01,133.24628544978165,138.8645,18503.178805841202
local_ownership,osrm,source_collection,GD10,C20_E,C20,53.58951534497817,127.7243,6844.683334776595
local_ownership,osrm,source_collection,GD11,C01_S,C01,265.7669875196506,63.0212,16748.954473873408
local_ownership,osrm,source_collection,GD12,C01_S,C01,78.86969627947605,82.532,6509.273773337717
local_ownership,osrm,source_collection,GD12,C17_E,C17,124.75433795633185,141.1441,17608.3387519423
local_ownership,osrm,source_collection,GD13,C17_E,C17,63.72464827074236,104.2271,6641.8352877794905
local_ownership,osrm,source_collection,GD17,C17_E,C17,39.104721205240175,0.0,0.0
local_ownership,osrm,source_collection,GD18,C17_E,C17,43.45054335371179,109.3077,4749.478957744522
local_ownership,osrm,source_collection,GD19,C20_E,C20,30.413076908296944,30.5228,928.2922638565659
local_ownership,osrm,source_collection,GD20,C20_E,C20,72.4162925676856,0.0,0.0
local_ownership,osrm,source_collection,GD21,C17_E,C17,28.9657492139738,99.117,2870.9981648414414
local_ownership,osrm,collection_echelon,C01_S,P05,P05,801.695348886026,138.7404,111227.53338258679
local_ownership,osrm,collection_echelon,C20_E,P05,P05,322.1513425502184,246.9911,79568.51446295524
local_ownership,osrm,collection_recycling,C01_S,P21R,P21R,1787.1438555244545,25.4265,45440.81324249254
local_ownership,osrm,collection_recycling,C17_E,P21R,P21R,300.0,84.96539999999999,25489.619999999995
local_ownership,osrm,emergency_outsource,GD06,OUTSOURCE,OUTSOURCE,31.138660288209607,,
local_ownership,osrm,emergency_outsource,GD07,OUTSOURCE,OUTSOURCE,37.657393510917025,,
local_ownership,osrm,emergency_outsource,GD14,OUTSOURCE,OUTSOURCE,36.206226751091705,,
local_ownership,osrm,emergency_outsource,GD15,OUTSOURCE,OUTSOURCE,107.9007750043668,,
local_ownership,osrm,emergency_outsource,GD16,OUTSOURCE,OUTSOURCE,92.69039748471617,,
demand_low,osrm,source_collection,GD01,C09_E,C09,113.84973801222714,138.7404,15795.558191711598
demand_low,osrm,source_collection,GD01,C17_E,C17,254.85192137641917,97.7622,24914.884507985767
demand_low,osrm,source_collection,GD02,C02_E,C02,356.15011353711793,0.0,0.0
demand_low,osrm,source_collection,GD03,C02_E,C02,43.444038078602624,102.1378,4437.278472464699
demand_low,osrm,source_collection,GD05,C17_E,C17,94.40645212227074,85.2239,8045.686035023189
demand_low,osrm,source_collection,GD09,C09_E,C09,54.454881676855905,0.0,0.0
demand_low,osrm,source_collection,GD10,C09_E,C09,21.900878567685595,131.9282,2889.343487853339
demand_low,osrm,source_collection,GD11,C09_E,C09,108.61323308296949,95.089,10327.923720626486
demand_low,osrm,source_collection,GD12,C02_E,C02,82.03548033537133,85.22619999999999,6991.572254158424
demand_low,osrm,source_collection,GD12,C09_E,C09,1.1812686602618783,146.90079999999998,173.5293112073981
demand_low,osrm,source_collection,GD13,C17_E,C17,26.042888698689957,104.2271,2714.374764687228
demand_low,osrm,source_collection,GD17,C17_E,C17,15.981255755458518,0.0,0.0
demand_low,osrm,source_collection,GD18,C17_E,C17,17.757299493449782,109.3077,1941.0095658401608
demand_low,osrm,source_collection,GD21,C17_E,C17,11.83767668122271,99.117,1173.3149996127515
demand_low,osrm,collection_echelon,C17_E,P20E,P20E,420.87749412751083,0.0,0.0
demand_low,osrm,collection_recycling,C02_E,P01,P01,481.6296319510919,159.5111,76825.27238511381
demand_low,osrm,collection_recycling,C09_E,P01,P01,300.0,123.5371,37061.13
demand_low,osrm,emergency_outsource,GD04,OUTSOURCE,OUTSOURCE,48.79099661135371,,
demand_low,osrm,emergency_outsource,GD06,OUTSOURCE,OUTSOURCE,12.725698550218342,,
demand_low,osrm,emergency_outsource,GD07,OUTSOURCE,OUTSOURCE,15.389764157205239,,
demand_low,osrm,emergency_outsource,GD08,OUTSOURCE,OUTSOURCE,18.940282689956337,,
demand_low,osrm,emergency_outsource,GD14,OUTSOURCE,OUTSOURCE,14.796703615720526,,
demand_low,osrm,emergency_outsource,GD15,OUTSOURCE,OUTSOURCE,44.0967184628821,,
demand_low,osrm,emergency_outsource,GD16,OUTSOURCE,OUTSOURCE,37.880565379912674,,
demand_low,osrm,emergency_outsource,GD19,OUTSOURCE,OUTSOURCE,12.429168279475984,,
demand_low,osrm,emergency_outsource,GD20,OUTSOURCE,OUTSOURCE,29.594976174672496,,
demand_high,osrm,source_collection,GD01,C09_S,C09,1677.3477870393012,138.7404,232715.90291294747
demand_high,osrm,source_collection,GD01,C17_S,C17,709.3204225676848,97.7622,69344.72501514651
demand_high,osrm,source_collection,GD02,C02_S,C02,2305.419930131005,0.0,0.0
demand_high,osrm,source_collection,GD03,C02_S,C02,281.22060733624465,102.1378,28723.25414798789
demand_high,osrm,source_collection,GD04,C20_E,C20,315.8323743930131,46.2723,14614.290377625819
demand_high,osrm,source_collection,GD05,C17_S,C17,611.1089340786026,85.2239,52081.08668702142
demand_high,osrm,source_collection,GD07,C08_E,C08,99.62054667248908,140.0552,13952.375588324794
demand_high,osrm,source_collection,GD08,C08_E,C08,122.60365372925767,0.0,0.0
demand_high,osrm,source_collection,GD09,C09_S,C09,352.4956605065503,0.0,0.0
demand_high,osrm,source_collection,GD10,C09_S,C09,141.76809165065504,131.9282,18703.20914890595
demand_high,osrm,source_collection,GD11,C09_S,C09,703.0718304104804,95.089,66854.39728190217
demand_high,osrm,source_collection,GD12,C02_S,C02,413.35946253275097,85.22619999999999,35229.05622570874
demand_high,osrm,source_collection,GD12,C09_S,C09,125.31663039301338,146.90079999999998,18409.113258037978
demand_high,osrm,source_collection,GD13,C17_S,C17,168.58002387772927,104.2271,17570.607006706476
demand_high,osrm,source_collection,GD14,C16_E,C16,95.78156546724892,127.6495,12226.468941111592
demand_high,osrm,source_collection,GD15,C16_E,C16,285.44551786899564,93.1125,26578.545782576857
demand_high,osrm,source_collection,GD16,C16_E,C16,245.20730745851534,0.0,0.0
demand_high,osrm,source_collection,GD17,C17_S,C17,103.44937184279478,0.0,0.0
demand_high,osrm,source_collection,GD18,C17_S,C17,114.94600338864628,109.3077,12564.48325460513
demand_high,osrm,source_collection,GD19,C08_E,C08,77.77579959825326,138.8111,10796.144295613094
demand_high,osrm,source_collection,GD19,C20_E,C20,2.6803091528384613,30.5228,81.81054021025778
demand_high,osrm,source_collection,GD20,C20_E,C20,191.5732869694324,0.0,0.0
demand_high,osrm,source_collection,GD21,C17_S,C17,76.62728358078604,99.117,7595.066466676771
demand_high,osrm,collection_echelon,C02_S,P16,P16,816.7269100951971,0.0,0.0
demand_high,osrm,collection_echelon,C16_E,P06,P06,626.4343907947599,274.2217,171781.9035822034
demand_high,osrm,collection_echelon,C17_S,P06,P06,284.0320393362438,101.9135,28946.699240894286
demand_high,osrm,collection_echelon,C17_S,P20E,P20E,1500.0,0.0,0.0
demand_high,osrm,collection_recycling,C02_S,P01,P01,2183.273089904804,159.5111,348256.2921711141
demand_high,osrm,collection_recycling,C08_E,P01,P01,300.0,216.151,64845.3
demand_high,osrm,collection_recycling,C09_S,P01,P01,3000.0,123.5371,370611.3
demand_high,osrm,collection_recycling,C20_E,P01,P01,510.085970515284,157.7425,80462.23620400719
demand_high,osrm,emergency_outsource,GD06,OUTSOURCE,OUTSOURCE,82.37559935371179,,
spatial_s1,osrm,source_collection,GD01,C02_S,C02,645.8489007179512,141.4812,91375.4774922566
spatial_s1,osrm,source_collection,GD02,C02_S,C02,701.892403874869,0.0,0.0
spatial_s1,osrm,source_collection,GD03,C02_S,C02,89.64492155296512,102.1378,9156.13506859244
spatial_s1,osrm,source_collection,GD04,C20_E,C20,116.09985626491091,46.2723,5372.207379046838
spatial_s1,osrm,source_collection,GD05,C02_S,C02,224.90750232023436,142.9087,32141.238776831677
spatial_s1,osrm,source_collection,GD05,C17_E,C17,73.5124393080021,85.2239,6265.01677634124
spatial_s1,osrm,source_collection,GD08,C20_E,C20,72.76759396971907,114.1457,8306.107950989363
spatial_s1,osrm,source_collection,GD09,C02_S,C02,160.49711232229853,88.7728,14247.778052764945
spatial_s1,osrm,source_collection,GD10,C20_E,C20,55.92725729308546,127.7243,7143.269788679236
spatial_s1,osrm,source_collection,GD11,C02_S,C02,298.5190309881433,74.33330000000001,22189.904686150956
spatial_s1,osrm,source_collection,GD12,C02_S,C02,113.0823389752361,85.22619999999999,9637.578037971265
spatial_s1,osrm,source_collection,GD13,C02_S,C02,119.21590912526811,126.4266,15072.06205661662
spatial_s1,osrm,source_collection,GD14,C16_E,C16,56.550081827469334,127.6495,7218.589670235547
spatial_s1,osrm,source_collection,GD15,C16_E,C16,145.0816147928144,93.1125,13508.911857395931
spatial_s1,osrm,source_collection,GD16,C16_E,C16,136.7001911346981,0.0,0.0
spatial_s1,osrm,source_collection,GD17,C17_E,C17,93.62148238551345,0.0,0.0
spatial_s1,osrm,source_collection,GD18,C17_E,C17,83.3577039038042,109.3077,9111.638891005858
spatial_s1,osrm,source_collection,GD19,C20_E,C20,53.25273352865159,30.5228,1625.4225349483268
spatial_s1,osrm,source_collection,GD20,C20_E,C20,109.23357161239743,0.0,0.0
spatial_s1,osrm,source_collection,GD21,C17_E,C17,49.50837440268002,99.117,4907.121545670436
spatial_s1,osrm,collection_echelon,C02_S,P06,P06,551.3954693502671,120.5209,66454.6782220166
spatial_s1,osrm,collection_echelon,C16_E,P06,P06,338.33188775498184,274.2217,92777.9454243803
spatial_s1,osrm,collection_echelon,C17_E,P06,P06,300.0,101.9135,30574.05
spatial_s1,osrm,collection_recycling,C02_S,P01,P01,1802.212650526698,159.5111,287472.92231942917
spatial_s1,osrm,collection_recycling,C20_E,P01,P01,407.28101266876445,157.7425,64245.52514090258
spatial_s1,osrm,emergency_outsource,GD06,OUTSOURCE,OUTSOURCE,60.291926737879606,,
spatial_s1,osrm,emergency_outsource,GD07,OUTSOURCE,OUTSOURCE,57.07105296140875,,
spatial_s2,osrm,source_collection,GD01,C02_S,C02,799.6477960950413,141.4812,113135.12976888176
spatial_s2,osrm,source_collection,GD02,C02_S,C02,803.6376829473277,0.0,0.0
spatial_s2,osrm,source_collection,GD03,C02_S,C02,99.64020287446118,102.1378,10177.03111315114
spatial_s2,osrm,source_collection,GD04,C20_E,C20,118.07229789810413,46.2723,5463.476790030443
spatial_s2,osrm,source_collection,GD05,C02_S,C02,115.4781588302771,142.9087,16502.83355682842
spatial_s2,osrm,source_collection,GD05,C17_E,C17,142.49236745944546,85.2239,12143.755275127034
spatial_s2,osrm,source_collection,GD08,C20_E,C20,56.91415683330249,114.1457,6496.506271647097
spatial_s2,osrm,source_collection,GD09,C02_S,C02,144.14661619878848,88.7728,12796.29873049181
spatial_s2,osrm,source_collection,GD10,C20_E,C20,54.52461212422108,127.7243,6964.11791633765
spatial_s2,osrm,source_collection,GD11,C02_S,C02,278.8678049070478,74.33330000000001,20729.164202497057
spatial_s2,osrm,source_collection,GD12,C02_S,C02,167.4073561315792,85.22619999999999,14267.492815141195
spatial_s2,osrm,source_collection,GD13,C02_S,C02,85.92115261255269,126.4266,10862.719192886154
spatial_s2,osrm,source_collection,GD17,C17_E,C17,60.911425677349484,0.0,0.0
spatial_s2,osrm,source_collection,GD18,C17_E,C17,59.41340757374876,109.3077,6494.342931049057
spatial_s2,osrm,source_collection,GD19,C20_E,C20,39.5489395564388,30.5228,1207.1443722932704
spatial_s2,osrm,source_collection,GD20,C20_E,C20,87.14320418557034,0.0,0.0
spatial_s2,osrm,source_collection,GD21,C17_E,C17,37.18279928945629,99.117,3685.447517173039
spatial_s2,osrm,collection_echelon,C02_S,P14,P14,1102.8324934181492,0.0,0.0
spatial_s2,osrm,collection_recycling,C02_S,P01,P01,1391.9142771789266,159.5111,222025.77745851548
spatial_s2,osrm,collection_recycling,C17_E,P01,P01,300.0,358.1613,107448.39
spatial_s2,osrm,collection_recycling,C20_E,P01,P01,356.2032105976368,157.7425,56188.38494769773
spatial_s2,osrm,emergency_outsource,GD06,OUTSOURCE,OUTSOURCE,42.79996686807762,,
spatial_s2,osrm,emergency_outsource,GD07,OUTSOURCE,OUTSOURCE,45.42285729111373,,
spatial_s2,osrm,emergency_outsource,GD14,OUTSOURCE,OUTSOURCE,44.34376878164275,,
spatial_s2,osrm,emergency_outsource,GD15,OUTSOURCE,OUTSOURCE,122.77311091974587,,
spatial_s2,osrm,emergency_outsource,GD16,OUTSOURCE,OUTSOURCE,110.29431494470896,,
capture_low,osrm,source_collection,GD01,C09_E,C09,139.29012626988515,138.7404,19325.167834734373
capture_low,osrm,source_collection,GD01,C17_E,C17,311.8000702366622,97.7622,30482.260826490616
capture_low,osrm,source_collection,GD02,C02_E,C02,435.73393449781656,0.0,0.0
capture_low,osrm,source_collection,GD03,C02_E,C02,53.15186187772926,102.1378,5428.814238095136
capture_low,osrm,source_collection,GD05,C17_E,C17,115.50212469869246,85.2239,9843.541525108896
capture_low,osrm,source_collection,GD09,C09_E,C09,66.62314272489083,0.0,0.0
capture_low,osrm,source_collection,GD10,C09_E,C09,26.794757672489084,131.9282,3534.9841491676743
capture_low,osrm,source_collection,GD11,C09_E,C09,132.88349375982543,95.089,12635.75853812804
capture_low,osrm,source_collection,GD12,C02_E,C02,101.81201711790395,85.22619999999999,8677.051333293904
capture_low,osrm,source_collection,GD13,C17_E,C17,31.86232413537187,104.2271,3320.917643889817
capture_low,osrm,source_collection,GD17,C17_E,C17,19.552360602619842,0.0,0.0
capture_low,osrm,source_collection,GD18,C17_E,C17,21.72527167685571,109.3077,2374.739478872241
capture_low,osrm,source_collection,GD21,C17_E,C17,14.4828746069869,99.117,1435.4990824207207
capture_low,osrm,collection_echelon,C17_E,P20E,P20E,514.9250259572052,0.0,0.0
capture_low,osrm,collection_recycling,C02_E,P01,P01,590.6978134934498,159.5111,94222.85799793502
capture_low,osrm,collection_recycling,C09_E,P01,P01,365.5915204270823,123.5371,45164.11621815251
capture_low,osrm,emergency_outsource,GD04,OUTSOURCE,OUTSOURCE,59.69362949344978,,
capture_low,osrm,emergency_outsource,GD06,OUTSOURCE,OUTSOURCE,15.569330144104804,,
capture_low,osrm,emergency_outsource,GD07,OUTSOURCE,OUTSOURCE,18.828696755458513,,
capture_low,osrm,emergency_outsource,GD08,OUTSOURCE,OUTSOURCE,23.172599371179043,,
capture_low,osrm,emergency_outsource,GD14,OUTSOURCE,OUTSOURCE,18.103113375545853,,
capture_low,osrm,emergency_outsource,GD15,OUTSOURCE,OUTSOURCE,53.9503875021834,,
capture_low,osrm,emergency_outsource,GD16,OUTSOURCE,OUTSOURCE,46.345198742358086,,
capture_low,osrm,emergency_outsource,GD19,OUTSOURCE,OUTSOURCE,15.206538454148472,,
capture_low,osrm,emergency_outsource,GD20,OUTSOURCE,OUTSOURCE,36.2081462838428,,
capture_high,osrm,source_collection,GD01,C02_S,C02,412.1659113799108,141.4812,58313.72774112344
capture_high,osrm,source_collection,GD01,C17_S,C17,941.1046781397345,97.7622,92004.46376523236
capture_high,osrm,source_collection,GD02,C02_S,C02,1307.2018034934495,0.0,0.0
capture_high,osrm,source_collection,GD03,C02_S,C02,159.45558563318775,102.1378,16286.442714285404
capture_high,osrm,source_collection,GD04,C20_E,C20,179.08088848034936,46.2723,8286.48459602927
capture_high,osrm,source_collection,GD05,C17_S,C17,346.5063740960698,85.2239,29530.624575326045
capture_high,osrm,source_collection,GD08,C20_E,C20,69.51779811353713,114.1457,7935.157728128375
capture_high,osrm,source_collection,GD09,C02_S,C02,199.86942817467246,88.7728,17742.968773464563
capture_high,osrm,source_collection,GD10,C20_E,C20,80.38427301746725,127.7243,10267.025002164892
capture_high,osrm,source_collection,GD11,C02_S,C02,398.65048127947597,74.33330000000001,29633.005820091676
capture_high,osrm,source_collection,GD12,C02_S,C02,305.43605135371183,85.22619999999999,26031.153999881713
capture_high,osrm,source_collection,GD13,C02_S,C02,95.58697240611353,126.4266,12084.735925598752
capture_high,osrm,source_collection,GD14,C16_E,C16,54.30934012663755,127.6495,6932.56011249522
capture_high,osrm,source_collection,GD15,C16_E,C16,161.8511625065502,93.1125,15070.366368891155
capture_high,osrm,source_collection,GD16,C16_E,C16,139.03559622707408,0.0,0.0
capture_high,osrm,source_collection,GD17,C17_S,C17,58.65708180786026,0.0,0.0
capture_high,osrm,source_collection,GD18,C17_S,C17,65.17581503056768,109.3077,7124.218436616782
capture_high,osrm,source_collection,GD19,C20_E,C20,45.619615362445415,30.5228,1392.438395784849
capture_high,osrm,source_collection,GD20,C20_E,C20,108.62443885152845,0.0,0.0
capture_high,osrm,source_collection,GD21,C17_S,C17,43.4486238209607,99.117,4306.497247262162
capture_high,osrm,collection_echelon,C16_E,P06,P06,310.0886717554582,274.2217,85033.04271952374
capture_high,osrm,collection_echelon,C16_E,P20E,P20E,45.10742710480361,256.1699,11555.16509069483
capture_high,osrm,collection_echelon,C17_S,P20E,P20E,1454.8925728951963,0.0,0.0
capture_high,osrm,collection_recycling,C02_S,P01,P01,2878.366233720523,159.5111,459131.3641436177
capture_high,osrm,collection_recycling,C20_E,P01,P01,483.2270138253276,157.7425,76225.43722834175
capture_high,osrm,emergency_outsource,GD06,OUTSOURCE,OUTSOURCE,46.7079904323144,,
capture_high,osrm,emergency_outsource,GD07,OUTSOURCE,OUTSOURCE,56.486090266375534,,
scale_low_combo,osrm,source_collection,GD01,C02_E,C02,51.227565449781736,141.4812,7247.73743291366
scale_low_combo,osrm,source_collection,GD01,C17_E,C17,133.12326424454133,97.7622,13014.4231837277
scale_low_combo,osrm,source_collection,GD02,C02_E,C02,178.07505676855897,0.0,0.0
scale_low_combo,osrm,source_collection,GD03,C02_E,C02,21.72201903930131,102.1378,2218.639236232349
scale_low_combo,osrm,source_collection,GD04,C20_E,C20,24.395498305676856,46.2723,1128.8358162497711
scale_low_combo,osrm,source_collection,GD05,C17_E,C17,47.20322606113537,85.2239,4022.8430175115946
scale_low_combo,osrm,source_collection,GD06,C06_E,C06,6.362849275109171,0.0,0.0
scale_low_combo,osrm,source_collection,GD07,C07_E,C07,7.694882078602619,0.0,0.0
scale_low_combo,osrm,source_collection,GD08,C20_E,C20,9.470141344978169,114.1457,1080.9759129214747
scale_low_combo,osrm,source_collection,GD09,C02_E,C02,27.22744083842795,88.7728,2417.0561600615965
scale_low_combo,osrm,source_collection,GD10,C20_E,C20,10.950439283842798,127.7243,1398.6371922213227
scale_low_combo,osrm,source_collection,GD11,C02_E,C02,54.306616541484715,74.33330000000001,4036.7900193631463
scale_low_combo,osrm,source_collection,GD12,C02_E,C02,41.608374497816605,85.22619999999999,3546.1236466258174
scale_low_combo,osrm,source_collection,GD13,C02_E,C02,13.021444349344979,126.4266,1646.2569361768979
scale_low_combo,osrm,source_collection,GD14,C16_E,C16,7.398351807860263,127.6495,944.3959090974587
scale_low_combo,osrm,source_collection,GD15,C16_E,C16,22.04835923144105,93.1125,2052.977848937555
scale_low_combo,osrm,source_collection,GD16,C16_E,C16,18.940282689956337,0.0,0.0
scale_low_combo,osrm,source_collection,GD17,C17_E,C17,7.990627877729259,0.0,0.0
scale_low_combo,osrm,source_collection,GD18,C17_E,C17,8.878649746724891,109.3077,970.5047829200804
scale_low_combo,osrm,source_collection,GD19,C20_E,C20,6.214584139737992,30.5228,189.68650878039477
scale_low_combo,osrm,source_collection,GD20,C20_E,C20,14.797488087336246,0.0,0.0
scale_low_combo,osrm,source_collection,GD21,C17_E,C17,5.918838340611354,99.117,586.6574998063757
scale_low_combo,osrm,collection_echelon,C16_E,P20E,P20E,48.386993729257654,256.1699,12395.291344924559
scale_low_combo,osrm,collection_echelon,C17_E,P20E,P20E,203.11460627074223,0.0,0.0
scale_low_combo,osrm,collection_recycling,C02_E,P01,P01,387.1885174847162,159.5111,61760.866331356316
scale_low_combo,osrm,collection_recycling,C06_E,P01,P01,6.362849275109171,384.4626,2446.2775757165873
scale_low_combo,osrm,collection_recycling,C07_E,P01,P01,7.694882078602619,204.2638,1571.7858539272697
scale_low_combo,osrm,collection_recycling,C20_E,P01,P01,65.82815116157207,157.7425,10383.897134604282
scale_stress_combo,osrm,source_collection,GD01,C01_S,C01,2676.048059004367,0.0,0.0
scale_stress_combo,osrm,source_collection,GD01,C17_S,C17,903.9542554061145,97.7622,88372.55670786365
scale_stress_combo,osrm,source_collection,GD02,C02_S,C02,2578.169088995633,0.0,0.0
scale_stress_combo,osrm,source_collection,GD02,C09_S,C09,879.9608062008733,88.19930000000001,77611.92713435269
scale_stress_combo,osrm,source_collection,GD03,C02_S,C02,421.83091100436684,102.1378,43084.88122198182
scale_stress_combo,osrm,source_collection,GD04,C04_E,C04,473.74856158951957,0.0,0.0
scale_stress_combo,osrm,source_collection,GD05,C17_S,C17,916.6634011179038,85.2239,78121.63003053212
scale_stress_combo,osrm,source_collection,GD07,C08_E,C08,149.4308200087336,140.0552,20928.563382487187
scale_stress_combo,osrm,source_collection,GD08,C08_E,C08,183.9054805938865,0.0,0.0
scale_stress_combo,osrm,source_collection,GD09,C09_S,C09,528.7434907598254,0.0,0.0
scale_stress_combo,osrm,source_collection,GD10,C09_S,C09,212.65213747598256,131.9282,28054.813723358922
scale_stress_combo,osrm,source_collection,GD11,C09_S,C09,1054.6077456157204,95.089,100281.59592285324
scale_stress_combo,osrm,source_collection,GD12,C09_S,C09,324.03581994759907,146.90079999999998,47601.12117895825
scale_stress_combo,osrm,source_collection,GD12,C17_S,C17,483.97831944104746,141.1441,68310.68431701916
scale_stress_combo,osrm,source_collection,GD13,C17_S,C17,252.87003581659388,104.2271,26355.91051005971
scale_stress_combo,osrm,source_collection,GD14,C16_E,C16,143.67234820087336,127.6495,18339.703411667386
scale_stress_combo,osrm,source_collection,GD15,C16_E,C16,428.1682768034935,93.1125,39867.81867386529
scale_stress_combo,osrm,source_collection,GD16,C16_E,C16,367.810961187773,0.0,0.0
scale_stress_combo,osrm,source_collection,GD17,C17_S,C17,155.17405776419216,0.0,0.0
scale_stress_combo,osrm,source_collection,GD18,C17_S,C17,172.4190050829694,109.3077,18846.724881907692
scale_stress_combo,osrm,source_collection,GD19,C04_E,C04,120.68416312663756,40.9946,4947.398993711256
scale_stress_combo,osrm,source_collection,GD20,C04_E,C04,287.3599304541485,46.2965,13303.759020270487
scale_stress_combo,osrm,source_collection,GD21,C17_S,C17,114.94092537117905,99.117,11392.599700015155
scale_stress_combo,osrm,collection_echelon,C01_S,P10,P10,1500.0,0.0,0.0
scale_stress_combo,osrm,collection_echelon,C02_S,P11,P11,1500.0,0.0,0.0
scale_stress_combo,osrm,collection_echelon,C02_S,P17,P17,958.9973551689964,0.0,0.0
scale_stress_combo,osrm,collection_echelon,C04_E,P02E,P02E,881.7926551703057,0.0,0.0
scale_stress_combo,osrm,collection_recycling,C01_S,P01,P01,115.69964519650696,260.8387,30178.945043518124
scale_stress_combo,osrm,collection_recycling,C01_S,P20R,P20R,1060.3484138078602,97.7622,103661.9937003668
scale_stress_combo,osrm,collection_recycling,C02_S,P01,P01,541.0026448310036,159.5111,86295.92697990271
scale_stress_combo,osrm,collection_recycling,C08_E,P01,P01,333.3363006026201,216.151,72050.97471155693
scale_stress_combo,osrm,collection_recycling,C09_S,P01,P01,2999.9999999999995,123.5371,370611.29999999993
scale_stress_combo,osrm,collection_recycling,C16_E,P20R,P20R,939.6515861921398,256.1699,240710.45286968182
scale_stress_combo,osrm,collection_recycling,C17_S,P20R,P20R,3000.0,0.0,0.0
scale_stress_combo,osrm,emergency_outsource,GD06,OUTSOURCE,OUTSOURCE,123.56339903056768,,
transport_low,osrm,source_collection,GD01,C02_S,C02,902.1803930131005,141.4812,127641.56461996507
transport_low,osrm,source_collection,GD02,C02_S,C02,871.4678689956331,0.0,0.0
transport_low,osrm,source_collection,GD03,C02_S,C02,106.30372375545852,102.1378,10857.628476190272
transport_low,osrm,source_collection,GD04,C20_E,C20,119.38725898689955,46.2723,5524.3230640195125
transport_low,osrm,source_collection,GD05,C02_S,C02,42.52526317030563,142.9087,6077.230076826257
transport_low,osrm,source_collection,GD05,C17_E,C17,188.47898622707424,85.2239,16062.914274317553
transport_low,osrm,source_collection,GD08,C20_E,C20,46.345198742358086,114.1457,5290.1051520855835
transport_low,osrm,source_collection,GD09,C02_S,C02,133.24628544978165,88.7728,11828.645848976377
transport_low,osrm,source_collection,GD10,C20_E,C20,53.589515344978196,127.7243,6844.683334776599
transport_low,osrm,source_collection,GD11,C02_S,C02,265.7669875196506,74.33330000000001,19755.337213394447
transport_low,osrm,source_collection,GD12,C02_S,C02,203.6240342358079,85.22619999999999,17354.10266658781
transport_low,osrm,source_collection,GD13,C02_S,C02,63.72464827074236,126.4266,8056.490617065835
transport_low,osrm,source_collection,GD17,C17_E,C17,39.104721205240175,0.0,0.0
transport_low,osrm,source_collection,GD18,C17_E,C17,43.45054335371179,109.3077,4749.478957744522
transport_low,osrm,source_collection,GD19,C20_E,C20,30.413076908296944,30.5228,928.2922638565659
transport_low,osrm,source_collection,GD20,C20_E,C20,72.4162925676856,0.0,0.0
transport_low,osrm,source_collection,GD21,C17_E,C17,28.9657492139738,99.117,2870.9981648414414
transport_low,osrm,collection_echelon,C02_S,P11,P11,1123.8466914362448,0.0,0.0
transport_low,osrm,collection_recycling,C02_S,P01,P01,1464.9925129742358,159.5111,233682.5672362846
transport_low,osrm,collection_recycling,C17_E,P01,P01,300.0000000000004,358.1613,107448.39000000013
transport_low,osrm,collection_recycling,C20_E,P01,P01,322.1513425502184,157.7425,50816.958152227824
transport_low,osrm,emergency_outsource,GD06,OUTSOURCE,OUTSOURCE,31.138660288209607,,
transport_low,osrm,emergency_outsource,GD07,OUTSOURCE,OUTSOURCE,37.657393510917025,,
transport_low,osrm,emergency_outsource,GD14,OUTSOURCE,OUTSOURCE,36.206226751091705,,
transport_low,osrm,emergency_outsource,GD15,OUTSOURCE,OUTSOURCE,107.9007750043668,,
transport_low,osrm,emergency_outsource,GD16,OUTSOURCE,OUTSOURCE,92.69039748471617,,
transport_high,osrm,source_collection,GD01,C02_S,C02,902.1803930131005,141.4812,127641.56461996507
transport_high,osrm,source_collection,GD02,C02_S,C02,871.467868995633,0.0,0.0
transport_high,osrm,source_collection,GD03,C02_S,C02,106.3037237554585,102.1378,10857.62847619027
transport_high,osrm,source_collection,GD04,C20_E,C20,119.38725898689955,46.2723,5524.3230640195125
transport_high,osrm,source_collection,GD05,C02_S,C02,42.525263170305664,142.9087,6077.230076826261
transport_high,osrm,source_collection,GD05,C17_E,C17,188.47898622707422,85.2239,16062.91427431755
transport_high,osrm,source_collection,GD08,C20_E,C20,46.345198742358086,114.1457,5290.1051520855835
transport_high,osrm,source_collection,GD09,C02_S,C02,133.24628544978165,88.7728,11828.645848976377
transport_high,osrm,source_collection,GD10,C20_E,C20,53.58951534497817,127.7243,6844.683334776595
transport_high,osrm,source_collection,GD11,C02_S,C02,265.7669875196506,74.33330000000001,19755.337213394447
transport_high,osrm,source_collection,GD12,C02_S,C02,203.62403423580787,85.22619999999999,17354.102666587805
transport_high,osrm,source_collection,GD13,C02_S,C02,63.72464827074236,126.4266,8056.490617065835
transport_high,osrm,source_collection,GD17,C17_E,C17,39.104721205240175,0.0,0.0
transport_high,osrm,source_collection,GD18,C17_E,C17,43.45054335371179,109.3077,4749.478957744522
transport_high,osrm,source_collection,GD19,C20_E,C20,30.413076908296944,30.5228,928.2922638565659
transport_high,osrm,source_collection,GD20,C20_E,C20,72.4162925676856,0.0,0.0
transport_high,osrm,source_collection,GD21,C17_E,C17,28.9657492139738,99.117,2870.9981648414414
transport_high,osrm,collection_echelon,C02_S,P11,P11,1123.846691436244,0.0,0.0
transport_high,osrm,collection_recycling,C02_S,P01,P01,1464.992512974236,159.5111,233682.56723628464
transport_high,osrm,collection_recycling,C17_E,P01,P01,299.99999999999983,358.1613,107448.38999999993
transport_high,osrm,collection_recycling,C20_E,P01,P01,322.1513425502184,157.7425,50816.958152227824
transport_high,osrm,emergency_outsource,GD06,OUTSOURCE,OUTSOURCE,31.138660288209607,,
transport_high,osrm,emergency_outsource,GD07,OUTSOURCE,OUTSOURCE,37.657393510917025,,
transport_high,osrm,emergency_outsource,GD14,OUTSOURCE,OUTSOURCE,36.206226751091705,,
transport_high,osrm,emergency_outsource,GD15,OUTSOURCE,OUTSOURCE,107.9007750043668,,
transport_high,osrm,emergency_outsource,GD16,OUTSOURCE,OUTSOURCE,92.69039748471617,,
transport_double,osrm,source_collection,GD01,C02_S,C02,902.1803930131005,141.4812,127641.56461996507
transport_double,osrm,source_collection,GD02,C02_S,C02,871.4678689956331,0.0,0.0
transport_double,osrm,source_collection,GD03,C02_S,C02,106.30372375545852,102.1378,10857.628476190272
transport_double,osrm,source_collection,GD04,C20_E,C20,119.38725898689955,46.2723,5524.3230640195125
transport_double,osrm,source_collection,GD05,C02_S,C02,42.52526317030561,142.9087,6077.230076826253
transport_double,osrm,source_collection,GD05,C17_E,C17,188.47898622707427,85.2239,16062.914274317554
transport_double,osrm,source_collection,GD08,C20_E,C20,46.345198742358086,114.1457,5290.1051520855835
transport_double,osrm,source_collection,GD09,C02_S,C02,133.24628544978165,88.7728,11828.645848976377
transport_double,osrm,source_collection,GD10,C20_E,C20,53.58951534497817,127.7243,6844.683334776595
transport_double,osrm,source_collection,GD11,C02_S,C02,265.7669875196506,74.33330000000001,19755.337213394447
transport_double,osrm,source_collection,GD12,C02_S,C02,203.6240342358079,85.22619999999999,17354.10266658781
transport_double,osrm,source_collection,GD13,C02_S,C02,63.72464827074236,126.4266,8056.490617065835
transport_double,osrm,source_collection,GD17,C17_E,C17,39.104721205240175,0.0,0.0
transport_double,osrm,source_collection,GD18,C17_E,C17,43.45054335371179,109.3077,4749.478957744522
transport_double,osrm,source_collection,GD19,C20_E,C20,30.413076908296944,30.5228,928.2922638565659
transport_double,osrm,source_collection,GD20,C20_E,C20,72.4162925676856,0.0,0.0
transport_double,osrm,source_collection,GD21,C17_E,C17,28.9657492139738,99.117,2870.9981648414414
transport_double,osrm,collection_echelon,C02_S,P17,P17,1123.8466914362443,0.0,0.0
transport_double,osrm,collection_recycling,C02_S,P01,P01,1464.9925129742358,159.5111,233682.5672362846
transport_double,osrm,collection_recycling,C17_E,P01,P01,300.00000000000034,358.1613,107448.39000000012
transport_double,osrm,collection_recycling,C20_E,P01,P01,322.1513425502184,157.7425,50816.958152227824
transport_double,osrm,emergency_outsource,GD06,OUTSOURCE,OUTSOURCE,31.138660288209607,,
transport_double,osrm,emergency_outsource,GD07,OUTSOURCE,OUTSOURCE,37.657393510917025,,
transport_double,osrm,emergency_outsource,GD14,OUTSOURCE,OUTSOURCE,36.206226751091705,,
transport_double,osrm,emergency_outsource,GD15,OUTSOURCE,OUTSOURCE,107.9007750043668,,
transport_double,osrm,emergency_outsource,GD16,OUTSOURCE,OUTSOURCE,92.69039748471617,,
transport_fivefold,osrm,source_collection,GD01,C02_S,C02,902.180393013096,141.4812,127641.56461996444
transport_fivefold,osrm,source_collection,GD02,C02_S,C02,871.467868995632,0.0,0.0
transport_fivefold,osrm,source_collection,GD03,C02_S,C02,106.30372375545838,102.1378,10857.628476190257
transport_fivefold,osrm,source_collection,GD04,C20_E,C20,119.38725898689955,46.2723,5524.3230640195125
transport_fivefold,osrm,source_collection,GD05,C02_S,C02,42.52526317030706,142.9087,6077.230076826461
transport_fivefold,osrm,source_collection,GD05,C17_E,C17,188.47898622707385,85.2239,16062.914274317518
transport_fivefold,osrm,source_collection,GD08,C20_E,C20,46.345198742358086,114.1457,5290.1051520855835
transport_fivefold,osrm,source_collection,GD09,C02_S,C02,133.24628544978148,88.7728,11828.645848976363
transport_fivefold,osrm,source_collection,GD10,C20_E,C20,53.58951534497817,127.7243,6844.683334776595
transport_fivefold,osrm,source_collection,GD11,C02_S,C02,265.7669875196506,74.33330000000001,19755.337213394447
transport_fivefold,osrm,source_collection,GD12,C02_S,C02,203.6240342358079,85.22619999999999,17354.10266658781
transport_fivefold,osrm,source_collection,GD13,C02_S,C02,63.72464827074227,126.4266,8056.490617065824
transport_fivefold,osrm,source_collection,GD17,C17_E,C17,39.104721205240175,0.0,0.0
transport_fivefold,osrm,source_collection,GD18,C17_E,C17,43.45054335371179,109.3077,4749.478957744522
transport_fivefold,osrm,source_collection,GD19,C20_E,C20,30.413076908296944,30.5228,928.2922638565659
transport_fivefold,osrm,source_collection,GD20,C20_E,C20,72.4162925676856,0.0,0.0
transport_fivefold,osrm,source_collection,GD21,C17_E,C17,28.9657492139738,99.117,2870.9981648414414
transport_fivefold,osrm,collection_echelon,C02_S,P17,P17,823.8466914362473,0.0,0.0
transport_fivefold,osrm,collection_echelon,C17_E,P20E,P20E,299.9999999999983,0.0,0.0
transport_fivefold,osrm,collection_recycling,C02_S,P01,P01,1764.9925129742282,159.5111,281535.8972362834
transport_fivefold,osrm,collection_recycling,C20_E,P01,P01,322.1513425502184,157.7425,50816.958152227824
transport_fivefold,osrm,emergency_outsource,GD06,OUTSOURCE,OUTSOURCE,31.138660288209607,,
transport_fivefold,osrm,emergency_outsource,GD07,OUTSOURCE,OUTSOURCE,37.657393510917025,,
transport_fivefold,osrm,emergency_outsource,GD14,OUTSOURCE,OUTSOURCE,36.206226751091705,,
transport_fivefold,osrm,emergency_outsource,GD15,OUTSOURCE,OUTSOURCE,107.9007750043668,,
transport_fivefold,osrm,emergency_outsource,GD16,OUTSOURCE,OUTSOURCE,92.69039748471617,,
radius_tight,osrm,source_collection,GD01,C11_S,C11,708.4303044541483,63.2176,44785.26361486057
radius_tight,osrm,source_collection,GD01,C17_E,C17,193.750088558952,97.7622,18941.43490771798
radius_tight,osrm,source_collection,GD02,C11_S,C11,871.4678689956331,74.1049,64580.039285134495
radius_tight,osrm,source_collection,GD03,C12_E,C12,106.3037237554585,43.255,4598.167571042358
radius_tight,osrm,source_collection,GD05,C05_E,C05,192.8248083755459,0.0,0.0
radius_tight,osrm,source_collection,GD05,C17_E,C17,38.17944102183403,85.2239,3253.800863700681
radius_tight,osrm,source_collection,GD09,C11_S,C11,133.24628544978165,94.6155,12607.163920973815
radius_tight,osrm,source_collection,GD11,C11_S,C11,265.7669875196506,0.0,0.0
radius_tight,osrm,source_collection,GD12,C11_S,C11,9.927757991266475,81.4106,808.2247347237985
radius_tight,osrm,source_collection,GD12,C12_E,C12,193.69627624454142,0.0,0.0
radius_tight,osrm,source_collection,GD13,C05_E,C05,63.72464827074232,67.43960000000001,4297.564789519554
radius_tight,osrm,source_collection,GD17,C17_E,C17,39.104721205240175,0.0,0.0
radius_tight,osrm,source_collection,GD18,C05_E,C05,43.45054335371177,94.902,4123.543465353955
radius_tight,osrm,source_collection,GD21,C17_E,C17,28.9657492139738,99.117,2870.9981648414414
radius_tight,osrm,collection_echelon,C05_E,P15,P15,299.9999999999996,0.0,0.0
radius_tight,osrm,collection_echelon,C11_S,P15,P15,111.09372154366834,82.4602,9160.8104972352
radius_tight,osrm,collection_echelon,C12_E,P15,P15,299.99999999999994,75.559,22667.699999999993
radius_tight,osrm,collection_echelon,C17_E,P15,P15,300.0,84.96539999999999,25489.619999999995
radius_tight,osrm,collection_recycling,C11_S,P01,P01,1877.7454828668122,199.2956,374226.4126552311
radius_tight,osrm,emergency_outsource,GD04,OUTSOURCE,OUTSOURCE,119.38725898689955,,
radius_tight,osrm,emergency_outsource,GD06,OUTSOURCE,OUTSOURCE,31.138660288209607,,
radius_tight,osrm,emergency_outsource,GD07,OUTSOURCE,OUTSOURCE,37.657393510917025,,
radius_tight,osrm,emergency_outsource,GD08,OUTSOURCE,OUTSOURCE,46.345198742358086,,
radius_tight,osrm,emergency_outsource,GD10,OUTSOURCE,OUTSOURCE,53.58951534497817,,
radius_tight,osrm,emergency_outsource,GD14,OUTSOURCE,OUTSOURCE,36.206226751091705,,
radius_tight,osrm,emergency_outsource,GD15,OUTSOURCE,OUTSOURCE,107.9007750043668,,
radius_tight,osrm,emergency_outsource,GD16,OUTSOURCE,OUTSOURCE,92.69039748471617,,
radius_tight,osrm,emergency_outsource,GD19,OUTSOURCE,OUTSOURCE,30.413076908296944,,
radius_tight,osrm,emergency_outsource,GD20,OUTSOURCE,OUTSOURCE,72.4162925676856,,
radius_loose,osrm,source_collection,GD01,C13_S,C13,676.7695966550218,81.83030000000001,55380.259125159435
radius_loose,osrm,source_collection,GD01,C18_E,C18,225.41079635807858,78.0213,17586.843365892557
radius_loose,osrm,source_collection,GD02,C13_S,C13,871.4678689956331,120.5209,105030.0918924358
radius_loose,osrm,source_collection,GD03,C13_S,C13,106.30372375545852,81.7238,8687.54425944634
radius_loose,osrm,source_collection,GD04,C20_E,C20,119.38725898689952,46.2723,5524.323064019511
radius_loose,osrm,source_collection,GD05,C13_S,C13,231.00424939737988,66.31339999999999,15318.677191988209
radius_loose,osrm,source_collection,GD06,C18_E,C18,31.138660288209607,180.2101,5611.501084404283
radius_loose,osrm,source_collection,GD07,C20_E,C20,37.657393510917025,193.6515,7292.410739479348
radius_loose,osrm,source_collection,GD08,C20_E,C20,46.345198742358086,114.1457,5290.1051520855835
radius_loose,osrm,source_collection,GD09,C13_S,C13,133.24628544978165,182.8135,24359.21980507366
radius_loose,osrm,source_collection,GD10,C20_E,C20,53.589515344977904,127.7243,6844.683334776561
radius_loose,osrm,source_collection,GD11,C13_S,C13,265.7669875196506,112.4987,29898.44059887692
radius_loose,osrm,source_collection,GD12,C13_S,C13,203.6240342358079,39.5464,8052.597507502953
radius_loose,osrm,source_collection,GD13,C13_S,C13,63.72464827074236,0.0,0.0
radius_loose,osrm,source_collection,GD14,C13_S,C13,36.206226751091705,174.3725,6313.370274154739
radius_loose,osrm,source_collection,GD17,C13_S,C13,39.104721205240175,101.9135,3985.2990045502447
radius_loose,osrm,source_collection,GD18,C18_E,C18,43.45054335371179,0.0,0.0
radius_loose,osrm,source_collection,GD19,C20_E,C20,30.413076908296944,30.5228,928.2922638565659
radius_loose,osrm,source_collection,GD20,C20_E,C20,72.4162925676856,0.0,0.0
radius_loose,osrm,source_collection,GD21,C13_S,C13,28.9657492139738,167.4085,4849.1126272875335
radius_loose,osrm,collection_echelon,C13_S,P06,P06,1160.597489628821,0.0,0.0
radius_loose,osrm,collection_recycling,C13_S,P01,P01,1495.5866018209624,280.0438,418829.7552030292
radius_loose,osrm,collection_recycling,C18_E,P01,P01,299.9999999999991,307.1555,92146.64999999973
radius_loose,osrm,collection_recycling,C20_E,P01,P01,359.80873606113494,157.7425,56757.12954812358
radius_loose,osrm,emergency_outsource,GD15,OUTSOURCE,OUTSOURCE,107.9007750043668,,
radius_loose,osrm,emergency_outsource,GD16,OUTSOURCE,OUTSOURCE,92.69039748471617,,
road_factor_low,proxy,source_collection,GD01,C09_S,C09,902.1803930131005,129.79965213288574,117102.70117421058
road_factor_low,proxy,source_collection,GD02,C09_S,C09,871.4678689956331,80.34893412750476,70021.51440016707
road_factor_low,proxy,source_collection,GD03,C09_S,C09,106.3037237554594,139.72399940718964,14853.18143498986
road_factor_low,proxy,source_collection,GD04,C20_E,C20,119.38725898689955,42.25725275924342,5044.97757924267
road_factor_low,proxy,source_collection,GD05,C09_S,C09,142.45613819213972,146.32867265465262,20845.41761316357
road_factor_low,proxy,source_collection,GD05,C17_E,C17,88.54811120524016,73.86300387688202,6540.4294812432345
road_factor_low,proxy,source_collection,GD07,C09_S,C09,37.657393510917025,140.92170304098136,5306.744025642827
road_factor_low,proxy,source_collection,GD08,C20_E,C20,46.345198742358086,94.606199285887,4384.543108163569
road_factor_low,proxy,source_collection,GD09,C09_S,C09,133.24628544978165,0.0,0.0
road_factor_low,proxy,source_collection,GD10,C09_S,C09,22.15134255021836,124.09390635390851,2748.846628040146
road_factor_low,proxy,source_collection,GD10,C20_E,C20,31.438172794759808,116.91460276611036,3675.5814839916807
road_factor_low,proxy,source_collection,GD11,C09_S,C09,265.7669875196506,75.99207738592366,20196.1854822171
road_factor_low,proxy,source_collection,GD12,C09_S,C09,203.6240342358079,136.47069170054098,27788.712799015342
road_factor_low,proxy,source_collection,GD13,C17_E,C17,63.72464827074236,90.01741986560542,5736.328419175441
road_factor_low,proxy,source_collection,GD14,C17_E,C17,36.206226751091705,139.55698637643448,5052.831893444203
road_factor_low,proxy,source_collection,GD17,C17_E,C17,39.104721205240175,0.0,0.0
road_factor_low,proxy,source_collection,GD18,C17_E,C17,43.45054335371179,101.92757426491885,4428.808484536534
road_factor_low,proxy,source_collection,GD19,C20_E,C20,30.413076908296944,30.987987990845227,942.440061998958
road_factor_low,proxy,source_collection,GD20,C20_E,C20,72.4162925676856,0.0,0.0
road_factor_low,proxy,source_collection,GD21,C17_E,C17,28.9657492139738,77.28429011182403,2238.59736555909
road_factor_low,proxy,collection_echelon,C09_S,P18,P18,1149.6989585279484,0.0,0.0
road_factor_low,proxy,collection_recycling,C09_S,P01,P01,1535.15520869476,110.68138409207629,169913.10329449625
road_factor_low,proxy,collection_recycling,C17_E,P01,P01,300.00000000000057,326.42616900324913,97927.85070097493
road_factor_low,proxy,collection_recycling,C20_E,P01,P01,300.0,144.11372432008474,43234.117296025426
road_factor_low,proxy,emergency_outsource,GD06,OUTSOURCE,OUTSOURCE,31.138660288209607,,
road_factor_low,proxy,emergency_outsource,GD15,OUTSOURCE,OUTSOURCE,107.9007750043668,,
road_factor_low,proxy,emergency_outsource,GD16,OUTSOURCE,OUTSOURCE,92.69039748471617,,
road_factor_high,proxy,source_collection,GD01,C02_S,C02,902.1803930131005,135.52427330769893,122267.34215555467
road_factor_high,proxy,source_collection,GD02,C02_S,C02,871.4678689956331,0.0,0.0
road_factor_high,proxy,source_collection,GD03,C02_S,C02,106.30372375545852,75.42484938505226,8017.94235332566
road_factor_high,proxy,source_collection,GD04,C20_E,C20,119.38725898689955,49.9403896245604,5962.246230014064
road_factor_high,proxy,source_collection,GD05,C02_S,C02,42.52526317030478,143.00182171268108,6081.190102164767
road_factor_high,proxy,source_collection,GD05,C17_E,C17,188.4789862270751,87.29264094540602,16452.828470474193
road_factor_high,proxy,source_collection,GD08,C20_E,C20,46.345198742358086,111.80732642877555,5181.732764193309
road_factor_high,proxy,source_collection,GD09,C02_S,C02,133.24628544978165,94.95783124159654,12652.778287309966
road_factor_high,proxy,source_collection,GD10,C20_E,C20,53.58951534497817,138.17180326903951,7404.5599715294975
road_factor_high,proxy,source_collection,GD11,C02_S,C02,265.7669875196506,79.93645471013853,21244.470761314504
road_factor_high,proxy,source_collection,GD12,C02_S,C02,203.6240342358079,89.17124898899252,18157.409456984362
road_factor_high,proxy,source_collection,GD13,C02_S,C02,63.72464827074236,130.72004997331223,8330.089206483186
road_factor_high,proxy,source_collection,GD17,C17_E,C17,39.104721205240175,0.0,0.0
road_factor_high,proxy,source_collection,GD18,C17_E,C17,43.45054335371179,120.45986049490409,5234.046390815904
road_factor_high,proxy,source_collection,GD19,C20_E,C20,30.413076908296944,36.62216762554436,1113.792800544223
road_factor_high,proxy,source_collection,GD20,C20_E,C20,72.4162925676856,0.0,0.0
road_factor_high,proxy,source_collection,GD21,C17_E,C17,28.9657492139738,91.33597922306477,2645.615068388016
road_factor_high,proxy,collection_echelon,C02_S,P16,P16,1123.8466914362461,0.0,0.0
road_factor_high,proxy,collection_recycling,C02_S,P01,P01,1464.9925129742333,177.80491799097874,260482.8736267814
road_factor_high,proxy,collection_recycling,C17_E,P01,P01,300.00000000000057,385.7763815492944,115732.91446478854
road_factor_high,proxy,collection_recycling,C20_E,P01,P01,322.1513425502184,170.31621965100925,54867.59881865051
road_factor_high,proxy,emergency_outsource,GD06,OUTSOURCE,OUTSOURCE,31.138660288209607,,
road_factor_high,proxy,emergency_outsource,GD07,OUTSOURCE,OUTSOURCE,37.657393510917025,,
road_factor_high,proxy,emergency_outsource,GD14,OUTSOURCE,OUTSOURCE,36.206226751091705,,
road_factor_high,proxy,emergency_outsource,GD15,OUTSOURCE,OUTSOURCE,107.9007750043668,,
road_factor_high,proxy,emergency_outsource,GD16,OUTSOURCE,OUTSOURCE,92.69039748471617,,
organization_self,osrm,source_collection,GD01,C02_S,C02,120.8589654971618,141.4812,17099.271469297048
organization_self,osrm,source_collection,GD01,C17_S,C17,781.3214275159388,97.7622,76383.70166109872
organization_self,osrm,source_collection,GD02,C02_S,C02,871.4678689956334,0.0,0.0
organization_self,osrm,source_collection,GD03,C02_S,C02,106.30372375545852,102.1378,10857.628476190272
organization_self,osrm,source_collection,GD04,C20_S,C20,119.38725798689956,46.2723,5524.323017747212
organization_self,osrm,source_collection,GD05,C17_S,C17,231.00424939737988,85.2239,19687.083050217363
organization_self,osrm,source_collection,GD08,C20_S,C20,46.345197742358096,114.1457,5290.105037939885
organization_self,osrm,source_collection,GD09,C02_S,C02,133.24628544978165,88.7728,11828.645848976377
organization_self,osrm,source_collection,GD10,C20_S,C20,53.58951534497817,127.7243,6844.683334776595
organization_self,osrm,source_collection,GD11,C02_S,C02,265.7669875196507,74.33330000000001,19755.337213394454
organization_self,osrm,source_collection,GD12,C02_S,C02,203.62403423580795,85.22619999999999,17354.102666587813
organization_self,osrm,source_collection,GD13,C02_S,C02,63.72464827074235,126.4266,8056.490617065834
organization_self,osrm,source_collection,GD17,C17_S,C17,39.104721205240175,0.0,0.0
organization_self,osrm,source_collection,GD18,C17_S,C17,43.45054335371179,109.3077,4749.478957744522
organization_self,osrm,source_collection,GD19,C20_S,C20,30.413075908296953,30.5228,928.2922333337663
organization_self,osrm,source_collection,GD20,C20_S,C20,72.41629156768562,0.0,0.0
organization_self,osrm,source_collection,GD21,C17_S,C17,28.96574821397381,99.117,2870.9980657244423
organization_self,osrm,collection_echelon,C17_S,P20E,P20E,1123.8466896862444,0.0,0.0
organization_self,osrm,collection_recycling,C02_S,P01,P01,1764.9925137242362,159.5111,281535.897355918
organization_self,osrm,collection_recycling,C20_S,P01,P01,322.1513385502184,157.7425,50816.95752125783
organization_self,osrm,emergency_outsource,GD06,OUTSOURCE,OUTSOURCE,31.138660288209607,,
organization_self,osrm,emergency_outsource,GD07,OUTSOURCE,OUTSOURCE,37.657393510917025,,
organization_self,osrm,emergency_outsource,GD14,OUTSOURCE,OUTSOURCE,36.206226751091705,,
organization_self,osrm,emergency_outsource,GD15,OUTSOURCE,OUTSOURCE,107.9007750043668,,
organization_self,osrm,emergency_outsource,GD16,OUTSOURCE,OUTSOURCE,92.69039748471617,,
organization_entrusted,osrm,source_collection,GD01,C02_E,C02,120.85896549716149,141.4812,17099.271469297004
organization_entrusted,osrm,source_collection,GD01,C17_E,C17,781.3214275159391,97.7622,76383.70166109875
organization_entrusted,osrm,source_collection,GD02,C02_E,C02,871.4678689956334,0.0,0.0
organization_entrusted,osrm,source_collection,GD03,C02_E,C02,106.30372375545852,102.1378,10857.628476190272
organization_entrusted,osrm,source_collection,GD04,C20_E,C20,119.38725798689956,46.2723,5524.323017747212
organization_entrusted,osrm,source_collection,GD05,C17_E,C17,231.00424939737982,85.2239,19687.08305021736
organization_entrusted,osrm,source_collection,GD08,C20_E,C20,46.345197742358096,114.1457,5290.105037939885
organization_entrusted,osrm,source_collection,GD09,C02_E,C02,133.24628544978165,88.7728,11828.645848976377
organization_entrusted,osrm,source_collection,GD10,C20_E,C20,53.58951534497817,127.7243,6844.683334776595
organization_entrusted,osrm,source_collection,GD11,C02_E,C02,265.7669875196507,74.33330000000001,19755.337213394454
organization_entrusted,osrm,source_collection,GD12,C02_E,C02,203.6240342358079,85.22619999999999,17354.10266658781
organization_entrusted,osrm,source_collection,GD13,C02_E,C02,63.72464827074236,126.4266,8056.490617065835
organization_entrusted,osrm,source_collection,GD17,C17_E,C17,39.104721205240175,0.0,0.0
organization_entrusted,osrm,source_collection,GD18,C17_E,C17,43.45054335371179,109.3077,4749.478957744522
organization_entrusted,osrm,source_collection,GD19,C20_E,C20,30.413075908296953,30.5228,928.2922333337663
organization_entrusted,osrm,source_collection,GD20,C20_E,C20,72.41629156768562,0.0,0.0
organization_entrusted,osrm,source_collection,GD21,C17_E,C17,28.96574821397381,99.117,2870.9980657244423
organization_entrusted,osrm,collection_echelon,C17_E,P20E,P20E,1123.8466896862446,0.0,0.0
organization_entrusted,osrm,collection_recycling,C02_E,P01,P01,1764.992513724236,159.5111,281535.89735591796
organization_entrusted,osrm,collection_recycling,C20_E,P01,P01,322.1513385502184,157.7425,50816.95752125783
organization_entrusted,osrm,emergency_outsource,GD06,OUTSOURCE,OUTSOURCE,31.138660288209607,,
organization_entrusted,osrm,emergency_outsource,GD07,OUTSOURCE,OUTSOURCE,37.657393510917025,,
organization_entrusted,osrm,emergency_outsource,GD14,OUTSOURCE,OUTSOURCE,36.206226751091705,,
organization_entrusted,osrm,emergency_outsource,GD15,OUTSOURCE,OUTSOURCE,107.9007750043668,,
organization_entrusted,osrm,emergency_outsource,GD16,OUTSOURCE,OUTSOURCE,92.69039748471617,,
self_build_cost_low,osrm,source_collection,GD01,C02_S,C02,120.8589647471617,141.4812,17099.271363186133
self_build_cost_low,osrm,source_collection,GD01,C17_S,C17,781.3214282659387,97.7622,76383.70173442036
self_build_cost_low,osrm,source_collection,GD02,C02_S,C02,871.4678689956331,0.0,0.0
self_build_cost_low,osrm,source_collection,GD03,C02_S,C02,106.30372375545852,102.1378,10857.628476190272
self_build_cost_low,osrm,source_collection,GD04,C20_S,C20,119.38725898689955,46.2723,5524.3230640195125
self_build_cost_low,osrm,source_collection,GD05,C17_S,C17,231.00424939737988,85.2239,19687.083050217363
self_build_cost_low,osrm,source_collection,GD08,C20_S,C20,46.345198742358086,114.1457,5290.1051520855835
self_build_cost_low,osrm,source_collection,GD09,C02_S,C02,133.24628544978165,88.7728,11828.645848976377
self_build_cost_low,osrm,source_collection,GD10,C20_S,C20,53.58951534497817,127.7243,6844.683334776595
self_build_cost_low,osrm,source_collection,GD11,C02_S,C02,265.7669875196506,74.33330000000001,19755.337213394447
self_build_cost_low,osrm,source_collection,GD12,C02_S,C02,203.6240342358079,85.22619999999999,17354.10266658781
self_build_cost_low,osrm,source_collection,GD13,C02_S,C02,63.72464827074236,126.4266,8056.490617065835
self_build_cost_low,osrm,source_collection,GD17,C17_S,C17,39.104721205240175,0.0,0.0
self_build_cost_low,osrm,source_collection,GD18,C17_S,C17,43.45054335371179,109.3077,4749.478957744522
self_build_cost_low,osrm,source_collection,GD19,C20_S,C20,30.413076908296944,30.5228,928.2922638565659
self_build_cost_low,osrm,source_collection,GD20,C20_S,C20,72.4162925676856,0.0,0.0
self_build_cost_low,osrm,source_collection,GD21,C17_S,C17,28.9657492139738,99.117,2870.9981648414414
self_build_cost_low,osrm,collection_echelon,C17_S,P20E,P20E,1123.8466914362443,0.0,0.0
self_build_cost_low,osrm,collection_recycling,C02_S,P01,P01,1764.992512974236,159.5111,281535.8972362846
self_build_cost_low,osrm,collection_recycling,C20_S,P01,P01,322.1513425502184,157.7425,50816.958152227824
self_build_cost_low,osrm,emergency_outsource,GD06,OUTSOURCE,OUTSOURCE,31.138660288209607,,
self_build_cost_low,osrm,emergency_outsource,GD07,OUTSOURCE,OUTSOURCE,37.657393510917025,,
self_build_cost_low,osrm,emergency_outsource,GD14,OUTSOURCE,OUTSOURCE,36.206226751091705,,
self_build_cost_low,osrm,emergency_outsource,GD15,OUTSOURCE,OUTSOURCE,107.9007750043668,,
self_build_cost_low,osrm,emergency_outsource,GD16,OUTSOURCE,OUTSOURCE,92.69039748471617,,
self_build_cost_high,osrm,source_collection,GD01,C02_E,C02,120.85896474716174,141.4812,17099.27136318614
self_build_cost_high,osrm,source_collection,GD01,C17_E,C17,781.3214282659387,97.7622,76383.70173442036
self_build_cost_high,osrm,source_collection,GD02,C02_E,C02,871.4678689956331,0.0,0.0
self_build_cost_high,osrm,source_collection,GD03,C02_E,C02,106.30372375545852,102.1378,10857.628476190272
self_build_cost_high,osrm,source_collection,GD04,C20_E,C20,119.38725898689955,46.2723,5524.3230640195125
self_build_cost_high,osrm,source_collection,GD05,C17_E,C17,231.00424939737988,85.2239,19687.083050217363
self_build_cost_high,osrm,source_collection,GD08,C20_E,C20,46.345198742358086,114.1457,5290.1051520855835
self_build_cost_high,osrm,source_collection,GD09,C02_E,C02,133.24628544978165,88.7728,11828.645848976377
self_build_cost_high,osrm,source_collection,GD10,C20_E,C20,53.58951534497817,127.7243,6844.683334776595
self_build_cost_high,osrm,source_collection,GD11,C02_E,C02,265.7669875196506,74.33330000000001,19755.337213394447
self_build_cost_high,osrm,source_collection,GD12,C02_E,C02,203.6240342358079,85.22619999999999,17354.10266658781
self_build_cost_high,osrm,source_collection,GD13,C02_E,C02,63.72464827074236,126.4266,8056.490617065835
self_build_cost_high,osrm,source_collection,GD17,C17_E,C17,39.104721205240175,0.0,0.0
self_build_cost_high,osrm,source_collection,GD18,C17_E,C17,43.45054335371179,109.3077,4749.478957744522
self_build_cost_high,osrm,source_collection,GD19,C20_E,C20,30.413076908296944,30.5228,928.2922638565659
self_build_cost_high,osrm,source_collection,GD20,C20_E,C20,72.4162925676856,0.0,0.0
self_build_cost_high,osrm,source_collection,GD21,C17_E,C17,28.9657492139738,99.117,2870.9981648414414
self_build_cost_high,osrm,collection_echelon,C17_E,P20E,P20E,1123.8466914362443,0.0,0.0
self_build_cost_high,osrm,collection_recycling,C02_E,P01,P01,1764.992512974236,159.5111,281535.8972362846
self_build_cost_high,osrm,collection_recycling,C20_E,P01,P01,322.1513425502184,157.7425,50816.958152227824
self_build_cost_high,osrm,emergency_outsource,GD06,OUTSOURCE,OUTSOURCE,31.138660288209607,,
self_build_cost_high,osrm,emergency_outsource,GD07,OUTSOURCE,OUTSOURCE,37.657393510917025,,
self_build_cost_high,osrm,emergency_outsource,GD14,OUTSOURCE,OUTSOURCE,36.206226751091705,,
self_build_cost_high,osrm,emergency_outsource,GD15,OUTSOURCE,OUTSOURCE,107.9007750043668,,
self_build_cost_high,osrm,emergency_outsource,GD16,OUTSOURCE,OUTSOURCE,92.69039748471617,,
collection_capacity_low,osrm,source_collection,GD01,C09_S,C09,308.4303044541484,138.7404,42791.74381209033
collection_capacity_low,osrm,source_collection,GD01,C17_S,C17,593.750088558952,97.7622,58046.314907717984
collection_capacity_low,osrm,source_collection,GD02,C02_E,C02,804.6868232052391,0.0,0.0
collection_capacity_low,osrm,source_collection,GD02,C09_S,C09,66.78104579039314,88.19930000000001,5890.041491980622
collection_capacity_low,osrm,source_collection,GD03,C02_E,C02,106.30372375545852,102.1378,10857.628476190272
collection_capacity_low,osrm,source_collection,GD04,C20_E,C20,119.38725898689955,46.2723,5524.3230640195125
collection_capacity_low,osrm,source_collection,GD05,C17_S,C17,231.00424939737988,85.2239,19687.083050217363
collection_capacity_low,osrm,source_collection,GD08,C20_E,C20,46.345198742358086,114.1457,5290.1051520855835
collection_capacity_low,osrm,source_collection,GD09,C09_S,C09,133.24628544978165,0.0,0.0
collection_capacity_low,osrm,source_collection,GD10,C09_S,C09,22.15134255021831,131.9282,2922.386750233711
collection_capacity_low,osrm,source_collection,GD10,C20_E,C20,31.438172794759858,127.7243,4015.4186134897463
collection_capacity_low,osrm,source_collection,GD11,C09_S,C09,265.7669875196506,95.089,25271.51707625606
collection_capacity_low,osrm,source_collection,GD12,C09_S,C09,203.6240342358079,146.90079999999998,29912.533528467564
collection_capacity_low,osrm,source_collection,GD13,C17_S,C17,63.72464827074236,104.2271,6641.8352877794905
collection_capacity_low,osrm,source_collection,GD17,C17_S,C17,39.104721205240175,0.0,0.0
collection_capacity_low,osrm,source_collection,GD18,C17_S,C17,43.45054335371179,109.3077,4749.478957744522
collection_capacity_low,osrm,source_collection,GD19,C20_E,C20,30.413076908296944,30.5228,928.2922638565659
collection_capacity_low,osrm,source_collection,GD20,C20_E,C20,72.4162925676856,0.0,0.0
collection_capacity_low,osrm,source_collection,GD21,C17_S,C17,28.9657492139738,99.117,2870.9981648414414
collection_capacity_low,osrm,collection_echelon,C02_E,P20E,P20E,123.84669143624437,216.9584,26869.580019301284
collection_capacity_low,osrm,collection_echelon,C17_S,P20E,P20E,1000.0,0.0,0.0
collection_capacity_low,osrm,collection_recycling,C02_E,P01,P01,787.1438555244531,159.5111,125558.18225294659
collection_capacity_low,osrm,collection_recycling,C09_S,P01,P01,1000.0,123.5371,123537.09999999999
collection_capacity_low,osrm,collection_recycling,C20_E,P01,P01,300.00000000000006,157.7425,47322.750000000015
collection_capacity_low,osrm,emergency_outsource,GD06,OUTSOURCE,OUTSOURCE,31.138660288209607,,
collection_capacity_low,osrm,emergency_outsource,GD07,OUTSOURCE,OUTSOURCE,37.657393510917025,,
collection_capacity_low,osrm,emergency_outsource,GD14,OUTSOURCE,OUTSOURCE,36.206226751091705,,
collection_capacity_low,osrm,emergency_outsource,GD15,OUTSOURCE,OUTSOURCE,107.9007750043668,,
collection_capacity_low,osrm,emergency_outsource,GD16,OUTSOURCE,OUTSOURCE,92.69039748471617,,
collection_capacity_high,osrm,source_collection,GD01,C02_S,C02,902.1803930131005,141.4812,127641.56461996507
collection_capacity_high,osrm,source_collection,GD02,C02_S,C02,871.4678689956331,0.0,0.0
collection_capacity_high,osrm,source_collection,GD03,C02_S,C02,106.30372375545852,102.1378,10857.628476190272
collection_capacity_high,osrm,source_collection,GD04,C20_E,C20,119.38725898689955,46.2723,5524.3230640195125
collection_capacity_high,osrm,source_collection,GD05,C02_S,C02,42.52526317030558,142.9087,6077.230076826249
collection_capacity_high,osrm,source_collection,GD05,C17_E,C17,188.4789862270743,85.2239,16062.914274317558
collection_capacity_high,osrm,source_collection,GD08,C20_E,C20,46.345198742358086,114.1457,5290.1051520855835
collection_capacity_high,osrm,source_collection,GD09,C02_S,C02,133.24628544978165,88.7728,11828.645848976377
collection_capacity_high,osrm,source_collection,GD10,C20_E,C20,53.58951534497817,127.7243,6844.683334776595
collection_capacity_high,osrm,source_collection,GD11,C02_S,C02,265.7669875196506,74.33330000000001,19755.337213394447
collection_capacity_high,osrm,source_collection,GD12,C02_S,C02,203.6240342358079,85.22619999999999,17354.10266658781
collection_capacity_high,osrm,source_collection,GD13,C02_S,C02,63.72464827074236,126.4266,8056.490617065835
collection_capacity_high,osrm,source_collection,GD17,C17_E,C17,39.104721205240175,0.0,0.0
collection_capacity_high,osrm,source_collection,GD18,C17_E,C17,43.45054335371179,109.3077,4749.478957744522
collection_capacity_high,osrm,source_collection,GD19,C20_E,C20,30.413076908296944,30.5228,928.2922638565659
collection_capacity_high,osrm,source_collection,GD20,C20_E,C20,72.4162925676856,0.0,0.0
collection_capacity_high,osrm,source_collection,GD21,C17_E,C17,28.9657492139738,99.117,2870.9981648414414
collection_capacity_high,osrm,collection_echelon,C02_S,P14,P14,1123.846691436244,0.0,0.0
collection_capacity_high,osrm,collection_recycling,C02_S,P01,P01,1464.9925129742362,159.5111,233682.5672362847
collection_capacity_high,osrm,collection_recycling,C17_E,P01,P01,299.9999999999998,358.1613,107448.38999999991
collection_capacity_high,osrm,collection_recycling,C20_E,P01,P01,322.1513425502184,157.7425,50816.958152227824
collection_capacity_high,osrm,emergency_outsource,GD06,OUTSOURCE,OUTSOURCE,31.138660288209607,,
collection_capacity_high,osrm,emergency_outsource,GD07,OUTSOURCE,OUTSOURCE,37.657393510917025,,
collection_capacity_high,osrm,emergency_outsource,GD14,OUTSOURCE,OUTSOURCE,36.206226751091705,,
collection_capacity_high,osrm,emergency_outsource,GD15,OUTSOURCE,OUTSOURCE,107.9007750043668,,
collection_capacity_high,osrm,emergency_outsource,GD16,OUTSOURCE,OUTSOURCE,92.69039748471617,,
collection_minimum_zero,osrm,source_collection,GD01,C11_S,C11,902.1803930131005,63.2176,57033.67921334498
collection_minimum_zero,osrm,source_collection,GD02,C11_S,C11,871.467868995633,74.1049,64580.03928513449
collection_minimum_zero,osrm,source_collection,GD03,C11_S,C11,106.30372375545852,124.1176,13194.163063590498
collection_minimum_zero,osrm,source_collection,GD04,C20_E,C20,119.38725898689955,46.2723,5524.3230640195125
collection_minimum_zero,osrm,source_collection,GD05,C11_S,C11,231.00424939737988,81.8258,18902.107510340127
collection_minimum_zero,osrm,source_collection,GD06,C06_E,C06,31.138660288209607,0.0,0.0
collection_minimum_zero,osrm,source_collection,GD07,C07_E,C07,37.657393510917025,0.0,0.0
collection_minimum_zero,osrm,source_collection,GD08,C20_E,C20,46.345198742358086,114.1457,5290.1051520855835
collection_minimum_zero,osrm,source_collection,GD09,C11_S,C11,133.24628544978165,94.6155,12607.163920973815
collection_minimum_zero,osrm,source_collection,GD10,C20_E,C20,53.58951534497817,127.7243,6844.683334776595
collection_minimum_zero,osrm,source_collection,GD11,C11_S,C11,265.7669875196506,0.0,0.0
collection_minimum_zero,osrm,source_collection,GD12,C11_S,C11,203.6240342358079,81.4106,16577.154801557663
collection_minimum_zero,osrm,source_collection,GD13,C11_S,C11,63.72464827074236,123.1212,7845.855164671724
collection_minimum_zero,osrm,source_collection,GD14,C16_E,C16,36.206226751091705,127.6495,4621.706741663481
collection_minimum_zero,osrm,source_collection,GD15,C16_E,C16,107.9007750043668,93.1125,10046.910912594103
collection_minimum_zero,osrm,source_collection,GD16,C16_E,C16,92.69039748471617,0.0,0.0
collection_minimum_zero,osrm,source_collection,GD17,C17_E,C17,39.104721205240175,0.0,0.0
collection_minimum_zero,osrm,source_collection,GD18,C11_S,C11,43.45054335371179,136.18220000000002,5917.19058510385
collection_minimum_zero,osrm,source_collection,GD19,C20_E,C20,30.413076908296944,30.5228,928.2922638565659
collection_minimum_zero,osrm,source_collection,GD20,C20_E,C20,72.4162925676856,0.0,0.0
collection_minimum_zero,osrm,source_collection,GD21,C17_E,C17,28.9657492139738,99.117,2870.9981648414414
collection_minimum_zero,osrm,collection_echelon,C11_S,P06,P06,925.9365303406112,112.4987,104166.65594582932
collection_minimum_zero,osrm,collection_echelon,C16_E,P06,P06,236.79739924017468,274.2217,64934.98537521941
collection_minimum_zero,osrm,collection_echelon,C17_E,P06,P06,68.07047041921398,101.9135,6937.299887068563
collection_minimum_zero,osrm,collection_recycling,C06_E,P01,P01,31.138660288209607,384.4626,11971.650294921816
collection_minimum_zero,osrm,collection_recycling,C07_E,P01,P01,37.657393510917025,204.2638,7692.0422966352535
collection_minimum_zero,osrm,collection_recycling,C11_S,P01,P01,1894.8322036506552,199.2956,377631.72092587955
collection_minimum_zero,osrm,collection_recycling,C20_E,P01,P01,322.1513425502184,157.7425,50816.958152227824
collection_minimum_100,osrm,source_collection,GD01,C11_S,C11,902.1803930131005,63.2176,57033.67921334498
collection_minimum_100,osrm,source_collection,GD02,C11_S,C11,871.4678689956331,74.1049,64580.039285134495
collection_minimum_100,osrm,source_collection,GD03,C11_S,C11,106.30372375545852,124.1176,13194.163063590498
collection_minimum_100,osrm,source_collection,GD04,C20_E,C20,119.38725898689955,46.2723,5524.3230640195125
collection_minimum_100,osrm,source_collection,GD05,C11_S,C11,231.00424939737988,81.8258,18902.107510340127
collection_minimum_100,osrm,source_collection,GD07,C08_E,C08,37.657393510917025,140.0552,5274.113779650186
collection_minimum_100,osrm,source_collection,GD08,C08_E,C08,46.345198742358086,0.0,0.0
collection_minimum_100,osrm,source_collection,GD09,C11_S,C11,133.24628544978145,94.6155,12607.163920973797
collection_minimum_100,osrm,source_collection,GD10,C09_S,C09,1.0225517996786948e-06,131.9282,0.0001349034183383708
collection_minimum_100,osrm,source_collection,GD10,C20_E,C20,53.58951432242637,127.7243,6844.683204171882
collection_minimum_100,osrm,source_collection,GD11,C11_S,C11,265.7669875196506,0.0,0.0
collection_minimum_100,osrm,source_collection,GD12,C11_S,C11,203.6240342358079,81.4106,16577.154801557663
collection_minimum_100,osrm,source_collection,GD13,C11_S,C11,63.72464827074236,123.1212,7845.855164671724
collection_minimum_100,osrm,source_collection,GD14,C21_E,C21,36.206226751091705,117.0409,4237.609364551849
collection_minimum_100,osrm,source_collection,GD15,C16_E,C16,107.90077400436681,93.1125,10046.910819481604
collection_minimum_100,osrm,source_collection,GD16,C16_E,C16,92.69039748471617,0.0,0.0
collection_minimum_100,osrm,source_collection,GD17,C21_E,C21,39.10472120524043,96.2472,3763.719922785017
collection_minimum_100,osrm,source_collection,GD18,C11_S,C11,43.45054335371179,136.18220000000002,5917.19058510385
collection_minimum_100,osrm,source_collection,GD19,C08_E,C08,15.997407746724889,138.8111,2220.6177664714032
collection_minimum_100,osrm,source_collection,GD19,C20_E,C20,14.415669161572055,30.5228,440.0065866848315
collection_minimum_100,osrm,source_collection,GD20,C20_E,C20,72.4162925676856,0.0,0.0
collection_minimum_100,osrm,source_collection,GD21,C21_E,C21,28.9657492139738,0.0,0.0
collection_minimum_100,osrm,collection_echelon,C11_S,P06,P06,915.0379998897383,112.4987,102940.5854381957
collection_minimum_100,osrm,collection_echelon,C16_E,P06,P06,200.59117148908297,274.2217,55006.452050727865
collection_minimum_100,osrm,collection_echelon,C21_E,P06,P06,104.27669717030592,167.4085,17456.805458235158
collection_minimum_100,osrm,collection_recycling,C08_E,P01,P01,100.0,216.151,21615.100000000002
collection_minimum_100,osrm,collection_recycling,C09_S,P01,P01,1.0225520057360882e-06,123.5371,0.0001263231093878197
collection_minimum_100,osrm,collection_recycling,C11_S,P01,P01,1905.730734101528,199.2956,379803.7500912045
collection_minimum_100,osrm,collection_recycling,C20_E,P01,P01,259.80873503858356,157.7425,40982.87938682377
collection_minimum_100,osrm,emergency_outsource,GD06,OUTSOURCE,OUTSOURCE,31.138660288209607,,
collection_minimum_500,osrm,source_collection,GD01,C01_E,C01,393.6962762445415,0.0,0.0
collection_minimum_500,osrm,source_collection,GD01,C09_S,C09,414.7340282096071,138.7404,57540.36496741217
collection_minimum_500,osrm,source_collection,GD01,C17_E,C17,93.75008855895194,97.7622,9165.214907717973
collection_minimum_500,osrm,source_collection,GD02,C09_S,C09,871.4678689956331,88.19930000000001,76862.85601790655
collection_minimum_500,osrm,source_collection,GD03,C01_E,C01,106.30372375545852,126.5484,13452.566155295268
collection_minimum_500,osrm,source_collection,GD05,C17_E,C17,231.00424939737988,85.2239,19687.083050217363
collection_minimum_500,osrm,source_collection,GD09,C09_S,C09,133.24628544978165,0.0,0.0
collection_minimum_500,osrm,source_collection,GD10,C09_S,C09,53.58951534497817,131.9282,7069.968298335349
collection_minimum_500,osrm,source_collection,GD11,C09_S,C09,265.7669875196506,95.089,25271.51707625606
collection_minimum_500,osrm,source_collection,GD12,C09_S,C09,203.6240342358079,146.90079999999998,29912.533528467564
collection_minimum_500,osrm,source_collection,GD13,C17_E,C17,63.72464827074236,104.2271,6641.8352877794905
collection_minimum_500,osrm,source_collection,GD17,C17_E,C17,39.104721205240175,0.0,0.0
collection_minimum_500,osrm,source_collection,GD18,C17_E,C17,43.45054335371179,109.3077,4749.478957744522
collection_minimum_500,osrm,source_collection,GD21,C17_E,C17,28.9657492139738,99.117,2870.9981648414414
collection_minimum_500,osrm,collection_echelon,C01_E,P10,P10,500.0,0.0,0.0
collection_minimum_500,osrm,collection_echelon,C09_S,P10,P10,29.8500519144104,138.8645,4145.112534068643
collection_minimum_500,osrm,collection_echelon,C17_E,P10,P10,500.0,97.8653,48932.65
collection_minimum_500,osrm,collection_recycling,C09_S,P01,P01,1912.5786678410482,123.5371,236274.42214694634
collection_minimum_500,osrm,emergency_outsource,GD04,OUTSOURCE,OUTSOURCE,119.38725898689955,,
collection_minimum_500,osrm,emergency_outsource,GD06,OUTSOURCE,OUTSOURCE,31.138660288209607,,
collection_minimum_500,osrm,emergency_outsource,GD07,OUTSOURCE,OUTSOURCE,37.657393510917025,,
collection_minimum_500,osrm,emergency_outsource,GD08,OUTSOURCE,OUTSOURCE,46.345198742358086,,
collection_minimum_500,osrm,emergency_outsource,GD14,OUTSOURCE,OUTSOURCE,36.206226751091705,,
collection_minimum_500,osrm,emergency_outsource,GD15,OUTSOURCE,OUTSOURCE,107.9007750043668,,
collection_minimum_500,osrm,emergency_outsource,GD16,OUTSOURCE,OUTSOURCE,92.69039748471617,,
collection_minimum_500,osrm,emergency_outsource,GD19,OUTSOURCE,OUTSOURCE,30.413076908296944,,
collection_minimum_500,osrm,emergency_outsource,GD20,OUTSOURCE,OUTSOURCE,72.4162925676856,,
partner_capacity_low,osrm,source_collection,GD01,C02_S,C02,902.1803930131005,141.4812,127641.56461996507
partner_capacity_low,osrm,source_collection,GD02,C02_S,C02,871.4678689956331,0.0,0.0
partner_capacity_low,osrm,source_collection,GD03,C02_S,C02,106.30372375545852,102.1378,10857.628476190272
partner_capacity_low,osrm,source_collection,GD04,C20_E,C20,119.38725898689955,46.2723,5524.3230640195125
partner_capacity_low,osrm,source_collection,GD05,C02_S,C02,42.525263170305664,142.9087,6077.230076826261
partner_capacity_low,osrm,source_collection,GD05,C17_E,C17,188.47898622707422,85.2239,16062.91427431755
partner_capacity_low,osrm,source_collection,GD08,C20_E,C20,46.345198742358086,114.1457,5290.1051520855835
partner_capacity_low,osrm,source_collection,GD09,C02_S,C02,133.24628544978165,88.7728,11828.645848976377
partner_capacity_low,osrm,source_collection,GD10,C20_E,C20,53.58951534497817,127.7243,6844.683334776595
partner_capacity_low,osrm,source_collection,GD11,C02_S,C02,265.7669875196506,74.33330000000001,19755.337213394447
partner_capacity_low,osrm,source_collection,GD12,C02_S,C02,203.6240342358079,85.22619999999999,17354.10266658781
partner_capacity_low,osrm,source_collection,GD13,C02_S,C02,63.72464827074236,126.4266,8056.490617065835
partner_capacity_low,osrm,source_collection,GD17,C17_E,C17,39.104721205240175,0.0,0.0
partner_capacity_low,osrm,source_collection,GD18,C17_E,C17,43.45054335371179,109.3077,4749.478957744522
partner_capacity_low,osrm,source_collection,GD19,C20_E,C20,30.413076908296944,30.5228,928.2922638565659
partner_capacity_low,osrm,source_collection,GD20,C20_E,C20,72.4162925676856,0.0,0.0
partner_capacity_low,osrm,source_collection,GD21,C17_E,C17,28.9657492139738,99.117,2870.9981648414414
partner_capacity_low,osrm,collection_echelon,C02_S,P16,P16,823.8466914362443,0.0,0.0
partner_capacity_low,osrm,collection_echelon,C17_E,P20E,P20E,300.0,0.0,0.0
partner_capacity_low,osrm,collection_recycling,C02_S,P01,P01,1764.992512974236,159.5111,281535.8972362846
partner_capacity_low,osrm,collection_recycling,C20_E,P01,P01,322.1513425502184,157.7425,50816.958152227824
partner_capacity_low,osrm,emergency_outsource,GD06,OUTSOURCE,OUTSOURCE,31.138660288209607,,
partner_capacity_low,osrm,emergency_outsource,GD07,OUTSOURCE,OUTSOURCE,37.657393510917025,,
partner_capacity_low,osrm,emergency_outsource,GD14,OUTSOURCE,OUTSOURCE,36.206226751091705,,
partner_capacity_low,osrm,emergency_outsource,GD15,OUTSOURCE,OUTSOURCE,107.9007750043668,,
partner_capacity_low,osrm,emergency_outsource,GD16,OUTSOURCE,OUTSOURCE,92.69039748471617,,
partner_capacity_high,osrm,source_collection,GD01,C02_S,C02,902.1803930131005,141.4812,127641.56461996507
partner_capacity_high,osrm,source_collection,GD02,C02_S,C02,871.4678689956331,0.0,0.0
partner_capacity_high,osrm,source_collection,GD03,C02_S,C02,106.30372375545852,102.1378,10857.628476190272
partner_capacity_high,osrm,source_collection,GD04,C20_E,C20,119.38725898689955,46.2723,5524.3230640195125
partner_capacity_high,osrm,source_collection,GD05,C02_S,C02,42.525263170305806,142.9087,6077.230076826282
partner_capacity_high,osrm,source_collection,GD05,C17_E,C17,188.47898622707407,85.2239,16062.914274317538
partner_capacity_high,osrm,source_collection,GD08,C20_E,C20,46.345198742358086,114.1457,5290.1051520855835
partner_capacity_high,osrm,source_collection,GD09,C02_S,C02,133.24628544978165,88.7728,11828.645848976377
partner_capacity_high,osrm,source_collection,GD10,C20_E,C20,53.58951534497817,127.7243,6844.683334776595
partner_capacity_high,osrm,source_collection,GD11,C02_S,C02,265.7669875196506,74.33330000000001,19755.337213394447
partner_capacity_high,osrm,source_collection,GD12,C02_S,C02,203.6240342358079,85.22619999999999,17354.10266658781
partner_capacity_high,osrm,source_collection,GD13,C02_S,C02,63.72464827074236,126.4266,8056.490617065835
partner_capacity_high,osrm,source_collection,GD17,C17_E,C17,39.104721205240175,0.0,0.0
partner_capacity_high,osrm,source_collection,GD18,C17_E,C17,43.45054335371179,109.3077,4749.478957744522
partner_capacity_high,osrm,source_collection,GD19,C20_E,C20,30.413076908296944,30.5228,928.2922638565659
partner_capacity_high,osrm,source_collection,GD20,C20_E,C20,72.4162925676856,0.0,0.0
partner_capacity_high,osrm,source_collection,GD21,C17_E,C17,28.9657492139738,99.117,2870.9981648414414
partner_capacity_high,osrm,collection_echelon,C02_S,P14,P14,1123.8466914362448,0.0,0.0
partner_capacity_high,osrm,collection_recycling,C02_S,P01,P01,1464.9925129742358,159.5111,233682.5672362846
partner_capacity_high,osrm,collection_recycling,C17_E,P01,P01,299.99999999999955,358.1613,107448.38999999982
partner_capacity_high,osrm,collection_recycling,C20_E,P01,P01,322.1513425502184,157.7425,50816.958152227824
partner_capacity_high,osrm,emergency_outsource,GD06,OUTSOURCE,OUTSOURCE,31.138660288209607,,
partner_capacity_high,osrm,emergency_outsource,GD07,OUTSOURCE,OUTSOURCE,37.657393510917025,,
partner_capacity_high,osrm,emergency_outsource,GD14,OUTSOURCE,OUTSOURCE,36.206226751091705,,
partner_capacity_high,osrm,emergency_outsource,GD15,OUTSOURCE,OUTSOURCE,107.9007750043668,,
partner_capacity_high,osrm,emergency_outsource,GD16,OUTSOURCE,OUTSOURCE,92.69039748471617,,
partner_enhanced,osrm,source_collection,GD01,C02_S,C02,902.1803930131005,141.4812,127641.56461996507
partner_enhanced,osrm,source_collection,GD02,C02_S,C02,871.4678689956331,0.0,0.0
partner_enhanced,osrm,source_collection,GD03,C02_S,C02,106.30372375545852,102.1378,10857.628476190272
partner_enhanced,osrm,source_collection,GD04,C20_E,C20,119.38725898689955,46.2723,5524.3230640195125
partner_enhanced,osrm,source_collection,GD05,C02_S,C02,42.525263170305806,142.9087,6077.230076826282
partner_enhanced,osrm,source_collection,GD05,C17_E,C17,188.47898622707407,85.2239,16062.914274317538
partner_enhanced,osrm,source_collection,GD08,C20_E,C20,46.345198742358086,114.1457,5290.1051520855835
partner_enhanced,osrm,source_collection,GD09,C02_S,C02,133.24628544978165,88.7728,11828.645848976377
partner_enhanced,osrm,source_collection,GD10,C20_E,C20,53.58951534497817,127.7243,6844.683334776595
partner_enhanced,osrm,source_collection,GD11,C02_S,C02,265.7669875196506,74.33330000000001,19755.337213394447
partner_enhanced,osrm,source_collection,GD12,C02_S,C02,203.6240342358079,85.22619999999999,17354.10266658781
partner_enhanced,osrm,source_collection,GD13,C02_S,C02,63.72464827074236,126.4266,8056.490617065835
partner_enhanced,osrm,source_collection,GD17,C17_E,C17,39.104721205240175,0.0,0.0
partner_enhanced,osrm,source_collection,GD18,C17_E,C17,43.45054335371179,109.3077,4749.478957744522
partner_enhanced,osrm,source_collection,GD19,C20_E,C20,30.413076908296944,30.5228,928.2922638565659
partner_enhanced,osrm,source_collection,GD20,C20_E,C20,72.4162925676856,0.0,0.0
partner_enhanced,osrm,source_collection,GD21,C17_E,C17,28.9657492139738,99.117,2870.9981648414414
partner_enhanced,osrm,collection_echelon,C02_S,P17,P17,1123.846691436245,0.0,0.0
partner_enhanced,osrm,collection_recycling,C02_S,P01,P01,1464.9925129742353,159.5111,233682.56723628455
partner_enhanced,osrm,collection_recycling,C17_E,P01,P01,300.00000000000074,358.1613,107448.39000000026
partner_enhanced,osrm,collection_recycling,C20_E,P01,P01,322.1513425502184,157.7425,50816.958152227824
partner_enhanced,osrm,emergency_outsource,GD06,OUTSOURCE,OUTSOURCE,31.138660288209607,,
partner_enhanced,osrm,emergency_outsource,GD07,OUTSOURCE,OUTSOURCE,37.657393510917025,,
partner_enhanced,osrm,emergency_outsource,GD14,OUTSOURCE,OUTSOURCE,36.206226751091705,,
partner_enhanced,osrm,emergency_outsource,GD15,OUTSOURCE,OUTSOURCE,107.9007750043668,,
partner_enhanced,osrm,emergency_outsource,GD16,OUTSOURCE,OUTSOURCE,92.69039748471617,,
processing_cost_low,osrm,source_collection,GD01,C02_S,C02,902.1803930131005,141.4812,127641.56461996507
processing_cost_low,osrm,source_collection,GD02,C02_S,C02,871.4678689956331,0.0,0.0
processing_cost_low,osrm,source_collection,GD03,C02_S,C02,106.30372375545852,102.1378,10857.628476190272
processing_cost_low,osrm,source_collection,GD04,C20_E,C20,119.38725898689955,46.2723,5524.3230640195125
processing_cost_low,osrm,source_collection,GD05,C02_S,C02,42.52526317030558,142.9087,6077.230076826249
processing_cost_low,osrm,source_collection,GD05,C17_E,C17,188.4789862270743,85.2239,16062.914274317558
processing_cost_low,osrm,source_collection,GD08,C20_E,C20,46.345198742358086,114.1457,5290.1051520855835
processing_cost_low,osrm,source_collection,GD09,C02_S,C02,133.24628544978165,88.7728,11828.645848976377
processing_cost_low,osrm,source_collection,GD10,C20_E,C20,53.58951534497817,127.7243,6844.683334776595
processing_cost_low,osrm,source_collection,GD11,C02_S,C02,265.7669875196506,74.33330000000001,19755.337213394447
processing_cost_low,osrm,source_collection,GD12,C02_S,C02,203.6240342358079,85.22619999999999,17354.10266658781
processing_cost_low,osrm,source_collection,GD13,C02_S,C02,63.72464827074236,126.4266,8056.490617065835
processing_cost_low,osrm,source_collection,GD17,C17_E,C17,39.104721205240175,0.0,0.0
processing_cost_low,osrm,source_collection,GD18,C17_E,C17,43.45054335371179,109.3077,4749.478957744522
processing_cost_low,osrm,source_collection,GD19,C20_E,C20,30.413076908296944,30.5228,928.2922638565659
processing_cost_low,osrm,source_collection,GD20,C20_E,C20,72.4162925676856,0.0,0.0
processing_cost_low,osrm,source_collection,GD21,C17_E,C17,28.9657492139738,99.117,2870.9981648414414
processing_cost_low,osrm,collection_echelon,C02_S,P11,P11,1123.846691436244,0.0,0.0
processing_cost_low,osrm,collection_recycling,C02_S,P01,P01,1464.9925129742362,159.5111,233682.5672362847
processing_cost_low,osrm,collection_recycling,C17_E,P01,P01,299.9999999999997,358.1613,107448.3899999999
processing_cost_low,osrm,collection_recycling,C20_E,P01,P01,322.1513425502184,157.7425,50816.958152227824
processing_cost_low,osrm,emergency_outsource,GD06,OUTSOURCE,OUTSOURCE,31.138660288209607,,
processing_cost_low,osrm,emergency_outsource,GD07,OUTSOURCE,OUTSOURCE,37.657393510917025,,
processing_cost_low,osrm,emergency_outsource,GD14,OUTSOURCE,OUTSOURCE,36.206226751091705,,
processing_cost_low,osrm,emergency_outsource,GD15,OUTSOURCE,OUTSOURCE,107.9007750043668,,
processing_cost_low,osrm,emergency_outsource,GD16,OUTSOURCE,OUTSOURCE,92.69039748471617,,
processing_cost_high,osrm,source_collection,GD01,C02_S,C02,902.1803930131005,141.4812,127641.56461996507
processing_cost_high,osrm,source_collection,GD02,C02_S,C02,871.4678689956331,0.0,0.0
processing_cost_high,osrm,source_collection,GD03,C02_S,C02,106.30372375545852,102.1378,10857.628476190272
processing_cost_high,osrm,source_collection,GD04,C20_E,C20,119.38725898689955,46.2723,5524.3230640195125
processing_cost_high,osrm,source_collection,GD05,C02_S,C02,42.52526317030558,142.9087,6077.230076826249
processing_cost_high,osrm,source_collection,GD05,C17_E,C17,188.4789862270743,85.2239,16062.914274317558
processing_cost_high,osrm,source_collection,GD08,C20_E,C20,46.345198742358086,114.1457,5290.1051520855835
processing_cost_high,osrm,source_collection,GD09,C02_S,C02,133.24628544978165,88.7728,11828.645848976377
processing_cost_high,osrm,source_collection,GD10,C20_E,C20,53.58951534497817,127.7243,6844.683334776595
processing_cost_high,osrm,source_collection,GD11,C02_S,C02,265.7669875196506,74.33330000000001,19755.337213394447
processing_cost_high,osrm,source_collection,GD12,C02_S,C02,203.6240342358079,85.22619999999999,17354.10266658781
processing_cost_high,osrm,source_collection,GD13,C02_S,C02,63.72464827074236,126.4266,8056.490617065835
processing_cost_high,osrm,source_collection,GD17,C17_E,C17,39.104721205240175,0.0,0.0
processing_cost_high,osrm,source_collection,GD18,C17_E,C17,43.45054335371179,109.3077,4749.478957744522
processing_cost_high,osrm,source_collection,GD19,C20_E,C20,30.413076908296944,30.5228,928.2922638565659
processing_cost_high,osrm,source_collection,GD20,C20_E,C20,72.4162925676856,0.0,0.0
processing_cost_high,osrm,source_collection,GD21,C17_E,C17,28.9657492139738,99.117,2870.9981648414414
processing_cost_high,osrm,collection_echelon,C02_S,P17,P17,1123.846691436244,0.0,0.0
processing_cost_high,osrm,collection_recycling,C02_S,P01,P01,1464.9925129742362,159.5111,233682.5672362847
processing_cost_high,osrm,collection_recycling,C17_E,P01,P01,299.9999999999998,358.1613,107448.38999999991
processing_cost_high,osrm,collection_recycling,C20_E,P01,P01,322.1513425502184,157.7425,50816.958152227824
processing_cost_high,osrm,emergency_outsource,GD06,OUTSOURCE,OUTSOURCE,31.138660288209607,,
processing_cost_high,osrm,emergency_outsource,GD07,OUTSOURCE,OUTSOURCE,37.657393510917025,,
processing_cost_high,osrm,emergency_outsource,GD14,OUTSOURCE,OUTSOURCE,36.206226751091705,,
processing_cost_high,osrm,emergency_outsource,GD15,OUTSOURCE,OUTSOURCE,107.9007750043668,,
processing_cost_high,osrm,emergency_outsource,GD16,OUTSOURCE,OUTSOURCE,92.69039748471617,,
reuse_low,osrm,source_collection,GD01,C02_S,C02,902.1803930131005,141.4812,127641.56461996507
reuse_low,osrm,source_collection,GD02,C02_S,C02,871.4678689956331,0.0,0.0
reuse_low,osrm,source_collection,GD03,C02_S,C02,106.30372375545852,102.1378,10857.628476190272
reuse_low,osrm,source_collection,GD04,C20_E,C20,119.38725898689955,46.2723,5524.3230640195125
reuse_low,osrm,source_collection,GD05,C02_S,C02,42.52526317030558,142.9087,6077.230076826249
reuse_low,osrm,source_collection,GD05,C17_E,C17,188.4789862270743,85.2239,16062.914274317558
reuse_low,osrm,source_collection,GD08,C20_E,C20,46.345198742358086,114.1457,5290.1051520855835
reuse_low,osrm,source_collection,GD09,C02_S,C02,133.24628544978165,88.7728,11828.645848976377
reuse_low,osrm,source_collection,GD10,C20_E,C20,53.58951534497817,127.7243,6844.683334776595
reuse_low,osrm,source_collection,GD11,C02_S,C02,265.7669875196506,74.33330000000001,19755.337213394447
reuse_low,osrm,source_collection,GD12,C02_S,C02,203.6240342358079,85.22619999999999,17354.10266658781
reuse_low,osrm,source_collection,GD13,C02_S,C02,63.72464827074236,126.4266,8056.490617065835
reuse_low,osrm,source_collection,GD17,C17_E,C17,39.104721205240175,0.0,0.0
reuse_low,osrm,source_collection,GD18,C17_E,C17,43.45054335371179,109.3077,4749.478957744522
reuse_low,osrm,source_collection,GD19,C20_E,C20,30.413076908296944,30.5228,928.2922638565659
reuse_low,osrm,source_collection,GD20,C20_E,C20,72.4162925676856,0.0,0.0
reuse_low,osrm,source_collection,GD21,C17_E,C17,28.9657492139738,99.117,2870.9981648414414
reuse_low,osrm,collection_echelon,C02_S,P11,P11,642.1981093921397,0.0,0.0
reuse_low,osrm,collection_recycling,C02_S,P01,P01,1946.6410950183401,159.5111,310510.86237158
reuse_low,osrm,collection_recycling,C17_E,P01,P01,300.0,358.1613,107448.39
reuse_low,osrm,collection_recycling,C20_E,P01,P01,322.1513425502184,157.7425,50816.958152227824
reuse_low,osrm,emergency_outsource,GD06,OUTSOURCE,OUTSOURCE,31.138660288209607,,
reuse_low,osrm,emergency_outsource,GD07,OUTSOURCE,OUTSOURCE,37.657393510917025,,
reuse_low,osrm,emergency_outsource,GD14,OUTSOURCE,OUTSOURCE,36.206226751091705,,
reuse_low,osrm,emergency_outsource,GD15,OUTSOURCE,OUTSOURCE,107.9007750043668,,
reuse_low,osrm,emergency_outsource,GD16,OUTSOURCE,OUTSOURCE,92.69039748471617,,
reuse_high,osrm,source_collection,GD01,C02_S,C02,902.1803930131006,141.4812,127641.56461996508
reuse_high,osrm,source_collection,GD02,C02_S,C02,871.4678689956331,0.0,0.0
reuse_high,osrm,source_collection,GD03,C02_S,C02,106.30372375545852,102.1378,10857.628476190272
reuse_high,osrm,source_collection,GD04,C20_E,C20,119.38725898689955,46.2723,5524.3230640195125
reuse_high,osrm,source_collection,GD05,C02_S,C02,42.52526317030509,142.9087,6077.230076826179
reuse_high,osrm,source_collection,GD05,C17_E,C17,188.47898622707422,85.2239,16062.91427431755
reuse_high,osrm,source_collection,GD08,C20_E,C20,46.345198742358086,114.1457,5290.1051520855835
reuse_high,osrm,source_collection,GD09,C02_S,C02,133.24628544978162,88.7728,11828.645848976375
reuse_high,osrm,source_collection,GD10,C20_E,C20,53.58951534497817,127.7243,6844.683334776595
reuse_high,osrm,source_collection,GD11,C02_S,C02,265.76698751965057,74.33330000000001,19755.337213394443
reuse_high,osrm,source_collection,GD12,C02_S,C02,203.6240342358079,85.22619999999999,17354.10266658781
reuse_high,osrm,source_collection,GD13,C02_S,C02,63.72464827074236,126.4266,8056.490617065835
reuse_high,osrm,source_collection,GD17,C17_E,C17,39.104721205240175,0.0,0.0
reuse_high,osrm,source_collection,GD18,C17_E,C17,43.45054335371179,109.3077,4749.478957744522
reuse_high,osrm,source_collection,GD19,C20_E,C20,30.413076908296944,30.5228,928.2922638565659
reuse_high,osrm,source_collection,GD20,C20_E,C20,72.4162925676856,0.0,0.0
reuse_high,osrm,source_collection,GD21,C17_E,C17,28.9657492139738,99.117,2870.9981648414414
reuse_high,osrm,collection_echelon,C02_S,P17,P17,1305.4952734803499,0.0,0.0
reuse_high,osrm,collection_echelon,C17_E,P20E,P20E,300.0000000000001,0.0,0.0
reuse_high,osrm,collection_recycling,C02_S,P01,P01,1283.3439309301305,159.5111,204707.60210098914
reuse_high,osrm,collection_recycling,C20_E,P01,P01,322.1513425502184,157.7425,50816.958152227824
reuse_high,osrm,emergency_outsource,GD06,OUTSOURCE,OUTSOURCE,31.138660288209607,,
reuse_high,osrm,emergency_outsource,GD07,OUTSOURCE,OUTSOURCE,37.657393510917025,,
reuse_high,osrm,emergency_outsource,GD14,OUTSOURCE,OUTSOURCE,36.206226751091705,,
reuse_high,osrm,emergency_outsource,GD15,OUTSOURCE,OUTSOURCE,107.9007750043668,,
reuse_high,osrm,emergency_outsource,GD16,OUTSOURCE,OUTSOURCE,92.69039748471617,,
emergency_cost_50,osrm,source_collection,GD01,C02_S,C02,902.1803930131005,141.4812,127641.56461996507
emergency_cost_50,osrm,source_collection,GD02,C02_S,C02,871.4678689956331,0.0,0.0
emergency_cost_50,osrm,source_collection,GD03,C02_S,C02,106.30372375545852,102.1378,10857.628476190272
emergency_cost_50,osrm,source_collection,GD04,C20_E,C20,119.38725898689955,46.2723,5524.3230640195125
emergency_cost_50,osrm,source_collection,GD05,C02_S,C02,42.52526317030558,142.9087,6077.230076826249
emergency_cost_50,osrm,source_collection,GD05,C17_E,C17,188.4789862270743,85.2239,16062.914274317558
emergency_cost_50,osrm,source_collection,GD08,C20_E,C20,46.345198742358086,114.1457,5290.1051520855835
emergency_cost_50,osrm,source_collection,GD09,C02_S,C02,133.24628544978165,88.7728,11828.645848976377
emergency_cost_50,osrm,source_collection,GD10,C20_E,C20,53.58951534497817,127.7243,6844.683334776595
emergency_cost_50,osrm,source_collection,GD11,C02_S,C02,265.7669875196506,74.33330000000001,19755.337213394447
emergency_cost_50,osrm,source_collection,GD12,C02_S,C02,203.6240342358079,85.22619999999999,17354.10266658781
emergency_cost_50,osrm,source_collection,GD13,C02_S,C02,63.72464827074236,126.4266,8056.490617065835
emergency_cost_50,osrm,source_collection,GD17,C17_E,C17,39.104721205240175,0.0,0.0
emergency_cost_50,osrm,source_collection,GD18,C17_E,C17,43.45054335371179,109.3077,4749.478957744522
emergency_cost_50,osrm,source_collection,GD19,C20_E,C20,30.413076908296944,30.5228,928.2922638565659
emergency_cost_50,osrm,source_collection,GD20,C20_E,C20,72.4162925676856,0.0,0.0
emergency_cost_50,osrm,source_collection,GD21,C17_E,C17,28.9657492139738,99.117,2870.9981648414414
emergency_cost_50,osrm,collection_echelon,C02_S,P14,P14,1123.846691436244,0.0,0.0
emergency_cost_50,osrm,collection_recycling,C02_S,P01,P01,1464.9925129742362,159.5111,233682.5672362847
emergency_cost_50,osrm,collection_recycling,C17_E,P01,P01,299.9999999999998,358.1613,107448.38999999991
emergency_cost_50,osrm,collection_recycling,C20_E,P01,P01,322.1513425502184,157.7425,50816.958152227824
emergency_cost_50,osrm,emergency_outsource,GD06,OUTSOURCE,OUTSOURCE,31.138660288209607,,
emergency_cost_50,osrm,emergency_outsource,GD07,OUTSOURCE,OUTSOURCE,37.657393510917025,,
emergency_cost_50,osrm,emergency_outsource,GD14,OUTSOURCE,OUTSOURCE,36.206226751091705,,
emergency_cost_50,osrm,emergency_outsource,GD15,OUTSOURCE,OUTSOURCE,107.9007750043668,,
emergency_cost_50,osrm,emergency_outsource,GD16,OUTSOURCE,OUTSOURCE,92.69039748471617,,
emergency_cost_75,osrm,source_collection,GD01,C02_S,C02,902.1803930131005,141.4812,127641.56461996507
emergency_cost_75,osrm,source_collection,GD02,C02_S,C02,871.4678689956331,0.0,0.0
emergency_cost_75,osrm,source_collection,GD03,C02_S,C02,106.30372375545852,102.1378,10857.628476190272
emergency_cost_75,osrm,source_collection,GD04,C20_E,C20,119.38725898689955,46.2723,5524.3230640195125
emergency_cost_75,osrm,source_collection,GD05,C02_S,C02,42.52526317030558,142.9087,6077.230076826249
emergency_cost_75,osrm,source_collection,GD05,C17_E,C17,188.4789862270743,85.2239,16062.914274317558
emergency_cost_75,osrm,source_collection,GD08,C20_E,C20,46.345198742358086,114.1457,5290.1051520855835
emergency_cost_75,osrm,source_collection,GD09,C02_S,C02,133.24628544978165,88.7728,11828.645848976377
emergency_cost_75,osrm,source_collection,GD10,C20_E,C20,53.58951534497817,127.7243,6844.683334776595
emergency_cost_75,osrm,source_collection,GD11,C02_S,C02,265.7669875196506,74.33330000000001,19755.337213394447
emergency_cost_75,osrm,source_collection,GD12,C02_S,C02,203.6240342358079,85.22619999999999,17354.10266658781
emergency_cost_75,osrm,source_collection,GD13,C02_S,C02,63.72464827074236,126.4266,8056.490617065835
emergency_cost_75,osrm,source_collection,GD17,C17_E,C17,39.104721205240175,0.0,0.0
emergency_cost_75,osrm,source_collection,GD18,C17_E,C17,43.45054335371179,109.3077,4749.478957744522
emergency_cost_75,osrm,source_collection,GD19,C20_E,C20,30.413076908296944,30.5228,928.2922638565659
emergency_cost_75,osrm,source_collection,GD20,C20_E,C20,72.4162925676856,0.0,0.0
emergency_cost_75,osrm,source_collection,GD21,C17_E,C17,28.9657492139738,99.117,2870.9981648414414
emergency_cost_75,osrm,collection_echelon,C02_S,P14,P14,1123.846691436244,0.0,0.0
emergency_cost_75,osrm,collection_recycling,C02_S,P01,P01,1464.9925129742362,159.5111,233682.5672362847
emergency_cost_75,osrm,collection_recycling,C17_E,P01,P01,299.9999999999998,358.1613,107448.38999999991
emergency_cost_75,osrm,collection_recycling,C20_E,P01,P01,322.1513425502184,157.7425,50816.958152227824
emergency_cost_75,osrm,emergency_outsource,GD06,OUTSOURCE,OUTSOURCE,31.138660288209607,,
emergency_cost_75,osrm,emergency_outsource,GD07,OUTSOURCE,OUTSOURCE,37.657393510917025,,
emergency_cost_75,osrm,emergency_outsource,GD14,OUTSOURCE,OUTSOURCE,36.206226751091705,,
emergency_cost_75,osrm,emergency_outsource,GD15,OUTSOURCE,OUTSOURCE,107.9007750043668,,
emergency_cost_75,osrm,emergency_outsource,GD16,OUTSOURCE,OUTSOURCE,92.69039748471617,,
emergency_cost_125,osrm,source_collection,GD01,C02_S,C02,902.1803930131005,141.4812,127641.56461996507
emergency_cost_125,osrm,source_collection,GD02,C02_S,C02,871.4678689956331,0.0,0.0
emergency_cost_125,osrm,source_collection,GD03,C02_S,C02,106.30372375545852,102.1378,10857.628476190272
emergency_cost_125,osrm,source_collection,GD04,C20_E,C20,119.38725898689955,46.2723,5524.3230640195125
emergency_cost_125,osrm,source_collection,GD05,C02_S,C02,42.52526317030558,142.9087,6077.230076826249
emergency_cost_125,osrm,source_collection,GD05,C17_E,C17,188.4789862270743,85.2239,16062.914274317558
emergency_cost_125,osrm,source_collection,GD08,C20_E,C20,46.345198742358086,114.1457,5290.1051520855835
emergency_cost_125,osrm,source_collection,GD09,C02_S,C02,133.24628544978165,88.7728,11828.645848976377
emergency_cost_125,osrm,source_collection,GD10,C20_E,C20,53.58951534497817,127.7243,6844.683334776595
emergency_cost_125,osrm,source_collection,GD11,C02_S,C02,265.7669875196506,74.33330000000001,19755.337213394447
emergency_cost_125,osrm,source_collection,GD12,C02_S,C02,203.6240342358079,85.22619999999999,17354.10266658781
emergency_cost_125,osrm,source_collection,GD13,C02_S,C02,63.72464827074236,126.4266,8056.490617065835
emergency_cost_125,osrm,source_collection,GD17,C17_E,C17,39.104721205240175,0.0,0.0
emergency_cost_125,osrm,source_collection,GD18,C17_E,C17,43.45054335371179,109.3077,4749.478957744522
emergency_cost_125,osrm,source_collection,GD19,C20_E,C20,30.413076908296944,30.5228,928.2922638565659
emergency_cost_125,osrm,source_collection,GD20,C20_E,C20,72.4162925676856,0.0,0.0
emergency_cost_125,osrm,source_collection,GD21,C17_E,C17,28.9657492139738,99.117,2870.9981648414414
emergency_cost_125,osrm,collection_echelon,C02_S,P14,P14,1123.846691436244,0.0,0.0
emergency_cost_125,osrm,collection_recycling,C02_S,P01,P01,1464.9925129742362,159.5111,233682.5672362847
emergency_cost_125,osrm,collection_recycling,C17_E,P01,P01,299.9999999999998,358.1613,107448.38999999991
emergency_cost_125,osrm,collection_recycling,C20_E,P01,P01,322.1513425502184,157.7425,50816.958152227824
emergency_cost_125,osrm,emergency_outsource,GD06,OUTSOURCE,OUTSOURCE,31.138660288209607,,
emergency_cost_125,osrm,emergency_outsource,GD07,OUTSOURCE,OUTSOURCE,37.657393510917025,,
emergency_cost_125,osrm,emergency_outsource,GD14,OUTSOURCE,OUTSOURCE,36.206226751091705,,
emergency_cost_125,osrm,emergency_outsource,GD15,OUTSOURCE,OUTSOURCE,107.9007750043668,,
emergency_cost_125,osrm,emergency_outsource,GD16,OUTSOURCE,OUTSOURCE,92.69039748471617,,
p01_free,osrm,source_collection,GD01,C01_S,C01,902.1803930131002,0.0,0.0
p01_free,osrm,source_collection,GD02,C01_S,C01,871.4678689956331,135.1178,117750.82122937815
p01_free,osrm,source_collection,GD03,C01_S,C01,106.30372375545852,126.5484,13452.566155295268
p01_free,osrm,source_collection,GD04,C20_E,C20,119.38725898689955,46.2723,5524.3230640195125
p01_free,osrm,source_collection,GD05,C01_S,C01,231.00424939737988,24.5447,5669.93000018387
p01_free,osrm,source_collection,GD08,C20_E,C20,46.345198742358086,114.1457,5290.1051520855835
p01_free,osrm,source_collection,GD09,C01_S,C01,133.24628544978165,138.8645,18503.178805841202
p01_free,osrm,source_collection,GD10,C20_E,C20,53.58951534497817,127.7243,6844.683334776595
p01_free,osrm,source_collection,GD11,C01_S,C01,265.7669875196506,63.0212,16748.954473873408
p01_free,osrm,source_collection,GD12,C01_S,C01,78.86969627947605,82.532,6509.273773337717
p01_free,osrm,source_collection,GD12,C17_E,C17,124.75433795633185,141.1441,17608.3387519423
p01_free,osrm,source_collection,GD13,C17_E,C17,63.72464827074236,104.2271,6641.8352877794905
p01_free,osrm,source_collection,GD17,C17_E,C17,39.104721205240175,0.0,0.0
p01_free,osrm,source_collection,GD18,C17_E,C17,43.45054335371179,109.3077,4749.478957744522
p01_free,osrm,source_collection,GD19,C20_E,C20,30.413076908296944,30.5228,928.2922638565659
p01_free,osrm,source_collection,GD20,C20_E,C20,72.4162925676856,0.0,0.0
p01_free,osrm,source_collection,GD21,C17_E,C17,28.9657492139738,99.117,2870.9981648414414
p01_free,osrm,collection_echelon,C01_S,P05,P05,801.695348886026,138.7404,111227.53338258679
p01_free,osrm,collection_echelon,C20_E,P05,P05,322.1513425502184,246.9911,79568.51446295524
p01_free,osrm,collection_recycling,C01_S,P21R,P21R,1787.1438555244545,25.4265,45440.81324249254
p01_free,osrm,collection_recycling,C17_E,P21R,P21R,300.0,84.96539999999999,25489.619999999995
p01_free,osrm,emergency_outsource,GD06,OUTSOURCE,OUTSOURCE,31.138660288209607,,
p01_free,osrm,emergency_outsource,GD07,OUTSOURCE,OUTSOURCE,37.657393510917025,,
p01_free,osrm,emergency_outsource,GD14,OUTSOURCE,OUTSOURCE,36.206226751091705,,
p01_free,osrm,emergency_outsource,GD15,OUTSOURCE,OUTSOURCE,107.9007750043668,,
p01_free,osrm,emergency_outsource,GD16,OUTSOURCE,OUTSOURCE,92.69039748471617,,
p01_reduced,osrm,source_collection,GD01,C01_S,C01,902.1803930131005,0.0,0.0
p01_reduced,osrm,source_collection,GD02,C01_S,C01,871.4678689956331,135.1178,117750.82122937815
p01_reduced,osrm,source_collection,GD03,C01_S,C01,106.30372375545852,126.5484,13452.566155295268
p01_reduced,osrm,source_collection,GD04,C20_E,C20,119.38725898689955,46.2723,5524.3230640195125
p01_reduced,osrm,source_collection,GD05,C01_S,C01,231.00424939737988,24.5447,5669.93000018387
p01_reduced,osrm,source_collection,GD08,C20_E,C20,46.345198742358086,114.1457,5290.1051520855835
p01_reduced,osrm,source_collection,GD09,C01_S,C01,133.24628544978165,138.8645,18503.178805841202
p01_reduced,osrm,source_collection,GD10,C20_E,C20,53.58951534497817,127.7243,6844.683334776595
p01_reduced,osrm,source_collection,GD11,C01_S,C01,265.7669875196506,63.0212,16748.954473873408
p01_reduced,osrm,source_collection,GD12,C01_S,C01,78.86969627947619,82.532,6509.273773337728
p01_reduced,osrm,source_collection,GD12,C17_E,C17,124.75433795633171,141.1441,17608.33875194228
p01_reduced,osrm,source_collection,GD13,C17_E,C17,63.72464827074236,104.2271,6641.8352877794905
p01_reduced,osrm,source_collection,GD17,C17_E,C17,39.104721205240175,0.0,0.0
p01_reduced,osrm,source_collection,GD18,C17_E,C17,43.45054335371179,109.3077,4749.478957744522
p01_reduced,osrm,source_collection,GD19,C20_E,C20,30.413076908296944,30.5228,928.2922638565659
p01_reduced,osrm,source_collection,GD20,C20_E,C20,72.4162925676856,0.0,0.0
p01_reduced,osrm,source_collection,GD21,C17_E,C17,28.9657492139738,99.117,2870.9981648414414
p01_reduced,osrm,collection_echelon,C01_S,P10,P10,1123.8466914362443,0.0,0.0
p01_reduced,osrm,collection_recycling,C01_S,P21R,P21R,1464.992512974236,25.4265,37249.63213113941
p01_reduced,osrm,collection_recycling,C17_E,P21R,P21R,300.0,84.96539999999999,25489.619999999995
p01_reduced,osrm,collection_recycling,C20_E,P01,P01,322.1513425502184,157.7425,50816.958152227824
p01_reduced,osrm,emergency_outsource,GD06,OUTSOURCE,OUTSOURCE,31.138660288209607,,
p01_reduced,osrm,emergency_outsource,GD07,OUTSOURCE,OUTSOURCE,37.657393510917025,,
p01_reduced,osrm,emergency_outsource,GD14,OUTSOURCE,OUTSOURCE,36.206226751091705,,
p01_reduced,osrm,emergency_outsource,GD15,OUTSOURCE,OUTSOURCE,107.9007750043668,,
p01_reduced,osrm,emergency_outsource,GD16,OUTSOURCE,OUTSOURCE,92.69039748471617,,
p01_fixed_om_low,osrm,source_collection,GD01,C02_S,C02,902.1803930131005,141.4812,127641.56461996507
p01_fixed_om_low,osrm,source_collection,GD02,C02_S,C02,871.4678689956331,0.0,0.0
p01_fixed_om_low,osrm,source_collection,GD03,C02_S,C02,106.30372375545852,102.1378,10857.628476190272
p01_fixed_om_low,osrm,source_collection,GD04,C20_E,C20,119.38725898689955,46.2723,5524.3230640195125
p01_fixed_om_low,osrm,source_collection,GD05,C02_S,C02,42.52526317030558,142.9087,6077.230076826249
p01_fixed_om_low,osrm,source_collection,GD05,C17_E,C17,188.4789862270743,85.2239,16062.914274317558
p01_fixed_om_low,osrm,source_collection,GD08,C20_E,C20,46.345198742358086,114.1457,5290.1051520855835
p01_fixed_om_low,osrm,source_collection,GD09,C02_S,C02,133.24628544978165,88.7728,11828.645848976377
p01_fixed_om_low,osrm,source_collection,GD10,C20_E,C20,53.58951534497817,127.7243,6844.683334776595
p01_fixed_om_low,osrm,source_collection,GD11,C02_S,C02,265.7669875196506,74.33330000000001,19755.337213394447
p01_fixed_om_low,osrm,source_collection,GD12,C02_S,C02,203.6240342358079,85.22619999999999,17354.10266658781
p01_fixed_om_low,osrm,source_collection,GD13,C02_S,C02,63.72464827074236,126.4266,8056.490617065835
p01_fixed_om_low,osrm,source_collection,GD17,C17_E,C17,39.104721205240175,0.0,0.0
p01_fixed_om_low,osrm,source_collection,GD18,C17_E,C17,43.45054335371179,109.3077,4749.478957744522
p01_fixed_om_low,osrm,source_collection,GD19,C20_E,C20,30.413076908296944,30.5228,928.2922638565659
p01_fixed_om_low,osrm,source_collection,GD20,C20_E,C20,72.4162925676856,0.0,0.0
p01_fixed_om_low,osrm,source_collection,GD21,C17_E,C17,28.9657492139738,99.117,2870.9981648414414
p01_fixed_om_low,osrm,collection_echelon,C02_S,P14,P14,1123.846691436244,0.0,0.0
p01_fixed_om_low,osrm,collection_recycling,C02_S,P01,P01,1464.9925129742362,159.5111,233682.5672362847
p01_fixed_om_low,osrm,collection_recycling,C17_E,P01,P01,299.9999999999998,358.1613,107448.38999999991
p01_fixed_om_low,osrm,collection_recycling,C20_E,P01,P01,322.1513425502184,157.7425,50816.958152227824
p01_fixed_om_low,osrm,emergency_outsource,GD06,OUTSOURCE,OUTSOURCE,31.138660288209607,,
p01_fixed_om_low,osrm,emergency_outsource,GD07,OUTSOURCE,OUTSOURCE,37.657393510917025,,
p01_fixed_om_low,osrm,emergency_outsource,GD14,OUTSOURCE,OUTSOURCE,36.206226751091705,,
p01_fixed_om_low,osrm,emergency_outsource,GD15,OUTSOURCE,OUTSOURCE,107.9007750043668,,
p01_fixed_om_low,osrm,emergency_outsource,GD16,OUTSOURCE,OUTSOURCE,92.69039748471617,,
p01_fixed_om_high,osrm,source_collection,GD01,C02_S,C02,902.1803930131005,141.4812,127641.56461996507
p01_fixed_om_high,osrm,source_collection,GD02,C02_S,C02,871.4678689956331,0.0,0.0
p01_fixed_om_high,osrm,source_collection,GD03,C02_S,C02,106.30372375545852,102.1378,10857.628476190272
p01_fixed_om_high,osrm,source_collection,GD04,C20_E,C20,119.38725898689955,46.2723,5524.3230640195125
p01_fixed_om_high,osrm,source_collection,GD05,C02_S,C02,42.52526317030558,142.9087,6077.230076826249
p01_fixed_om_high,osrm,source_collection,GD05,C17_E,C17,188.4789862270743,85.2239,16062.914274317558
p01_fixed_om_high,osrm,source_collection,GD08,C20_E,C20,46.345198742358086,114.1457,5290.1051520855835
p01_fixed_om_high,osrm,source_collection,GD09,C02_S,C02,133.24628544978165,88.7728,11828.645848976377
p01_fixed_om_high,osrm,source_collection,GD10,C20_E,C20,53.58951534497817,127.7243,6844.683334776595
p01_fixed_om_high,osrm,source_collection,GD11,C02_S,C02,265.7669875196506,74.33330000000001,19755.337213394447
p01_fixed_om_high,osrm,source_collection,GD12,C02_S,C02,203.6240342358079,85.22619999999999,17354.10266658781
p01_fixed_om_high,osrm,source_collection,GD13,C02_S,C02,63.72464827074236,126.4266,8056.490617065835
p01_fixed_om_high,osrm,source_collection,GD17,C17_E,C17,39.104721205240175,0.0,0.0
p01_fixed_om_high,osrm,source_collection,GD18,C17_E,C17,43.45054335371179,109.3077,4749.478957744522
p01_fixed_om_high,osrm,source_collection,GD19,C20_E,C20,30.413076908296944,30.5228,928.2922638565659
p01_fixed_om_high,osrm,source_collection,GD20,C20_E,C20,72.4162925676856,0.0,0.0
p01_fixed_om_high,osrm,source_collection,GD21,C17_E,C17,28.9657492139738,99.117,2870.9981648414414
p01_fixed_om_high,osrm,collection_echelon,C02_S,P14,P14,1123.846691436244,0.0,0.0
p01_fixed_om_high,osrm,collection_recycling,C02_S,P01,P01,1464.9925129742362,159.5111,233682.5672362847
p01_fixed_om_high,osrm,collection_recycling,C17_E,P01,P01,299.9999999999998,358.1613,107448.38999999991
p01_fixed_om_high,osrm,collection_recycling,C20_E,P01,P01,322.1513425502184,157.7425,50816.958152227824
p01_fixed_om_high,osrm,emergency_outsource,GD06,OUTSOURCE,OUTSOURCE,31.138660288209607,,
p01_fixed_om_high,osrm,emergency_outsource,GD07,OUTSOURCE,OUTSOURCE,37.657393510917025,,
p01_fixed_om_high,osrm,emergency_outsource,GD14,OUTSOURCE,OUTSOURCE,36.206226751091705,,
p01_fixed_om_high,osrm,emergency_outsource,GD15,OUTSOURCE,OUTSOURCE,107.9007750043668,,
p01_fixed_om_high,osrm,emergency_outsource,GD16,OUTSOURCE,OUTSOURCE,92.69039748471617,,
facility_count_min_relaxed,osrm,source_collection,GD01,C02_S,C02,902.1803930131005,141.4812,127641.56461996507
facility_count_min_relaxed,osrm,source_collection,GD02,C02_S,C02,871.4678689956331,0.0,0.0
facility_count_min_relaxed,osrm,source_collection,GD03,C02_S,C02,106.30372375545852,102.1378,10857.628476190272
facility_count_min_relaxed,osrm,source_collection,GD04,C20_E,C20,119.38725898689955,46.2723,5524.3230640195125
facility_count_min_relaxed,osrm,source_collection,GD05,C02_S,C02,42.52526317030572,142.9087,6077.230076826269
facility_count_min_relaxed,osrm,source_collection,GD05,C17_E,C17,188.47898622707416,85.2239,16062.914274317545
facility_count_min_relaxed,osrm,source_collection,GD08,C20_E,C20,46.345198742358086,114.1457,5290.1051520855835
facility_count_min_relaxed,osrm,source_collection,GD09,C02_S,C02,133.24628544978165,88.7728,11828.645848976377
facility_count_min_relaxed,osrm,source_collection,GD10,C20_E,C20,53.58951534497817,127.7243,6844.683334776595
facility_count_min_relaxed,osrm,source_collection,GD11,C02_S,C02,265.7669875196506,74.33330000000001,19755.337213394447
facility_count_min_relaxed,osrm,source_collection,GD12,C02_S,C02,203.6240342358079,85.22619999999999,17354.10266658781
facility_count_min_relaxed,osrm,source_collection,GD13,C02_S,C02,63.72464827074236,126.4266,8056.490617065835
facility_count_min_relaxed,osrm,source_collection,GD17,C17_E,C17,39.104721205240175,0.0,0.0
facility_count_min_relaxed,osrm,source_collection,GD18,C17_E,C17,43.45054335371179,109.3077,4749.478957744522
facility_count_min_relaxed,osrm,source_collection,GD19,C20_E,C20,30.413076908296944,30.5228,928.2922638565659
facility_count_min_relaxed,osrm,source_collection,GD20,C20_E,C20,72.4162925676856,0.0,0.0
facility_count_min_relaxed,osrm,source_collection,GD21,C17_E,C17,28.9657492139738,99.117,2870.9981648414414
facility_count_min_relaxed,osrm,collection_echelon,C02_S,P11,P11,1123.8466914362443,0.0,0.0
facility_count_min_relaxed,osrm,collection_recycling,C02_S,P01,P01,1464.992512974236,159.5111,233682.56723628464
facility_count_min_relaxed,osrm,collection_recycling,C17_E,P01,P01,299.99999999999994,358.1613,107448.38999999997
facility_count_min_relaxed,osrm,collection_recycling,C20_E,P01,P01,322.1513425502184,157.7425,50816.958152227824
facility_count_min_relaxed,osrm,emergency_outsource,GD06,OUTSOURCE,OUTSOURCE,31.138660288209607,,
facility_count_min_relaxed,osrm,emergency_outsource,GD07,OUTSOURCE,OUTSOURCE,37.657393510917025,,
facility_count_min_relaxed,osrm,emergency_outsource,GD14,OUTSOURCE,OUTSOURCE,36.206226751091705,,
facility_count_min_relaxed,osrm,emergency_outsource,GD15,OUTSOURCE,OUTSOURCE,107.9007750043668,,
facility_count_min_relaxed,osrm,emergency_outsource,GD16,OUTSOURCE,OUTSOURCE,92.69039748471617,,
p01_stress_no_expand,osrm,source_collection,GD01,C01_S,C01,2471.2565092401755,0.0,0.0
p01_stress_no_expand,osrm,source_collection,GD01,C05_S,C05,148.76804706550303,25.4265,3782.650748711013
p01_stress_no_expand,osrm,source_collection,GD01,C17_S,C17,959.9777581048018,97.7622,93849.53758339326
p01_stress_no_expand,osrm,source_collection,GD02,C02_S,C02,3000.0,0.0,0.0
p01_stress_no_expand,osrm,source_collection,GD02,C05_S,C05,458.1298951965075,132.89079999999998,60881.24827658003
p01_stress_no_expand,osrm,source_collection,GD03,C05_S,C05,421.83091100436747,120.5508,50852.053786305296
p01_stress_no_expand,osrm,source_collection,GD04,C20_S,C20,473.74856158951957,46.2723,21921.435566438726
p01_stress_no_expand,osrm,source_collection,GD05,C05_S,C05,916.6634011179052,0.0,0.0
p01_stress_no_expand,osrm,source_collection,GD07,C07_E,C07,149.4308200087336,0.0,0.0
p01_stress_no_expand,osrm,source_collection,GD08,C07_E,C07,150.5691799912664,138.4445,20845.47483930088
p01_stress_no_expand,osrm,source_collection,GD08,C20_S,C20,33.3363006026201,114.1457,3805.195367696493
p01_stress_no_expand,osrm,source_collection,GD09,C01_S,C01,528.7434907598252,138.8645,73423.70047261775
p01_stress_no_expand,osrm,source_collection,GD10,C20_S,C20,212.65213747598256,127.7243,27160.84540262364
p01_stress_no_expand,osrm,source_collection,GD11,C05_S,C05,1054.6077456157213,82.4602,86963.1656250215
p01_stress_no_expand,osrm,source_collection,GD12,C17_S,C17,808.0141393886478,141.1441,114046.42849128525
p01_stress_no_expand,osrm,source_collection,GD13,C17_S,C17,252.87003581659428,104.2271,26355.91051005975
p01_stress_no_expand,osrm,source_collection,GD14,C16_E,C16,143.67234820087336,127.6495,18339.703411667386
p01_stress_no_expand,osrm,source_collection,GD15,C16_E,C16,428.1682768034935,93.1125,39867.81867386529
p01_stress_no_expand,osrm,source_collection,GD16,C16_E,C16,367.810961187773,0.0,0.0
p01_stress_no_expand,osrm,source_collection,GD17,C17_S,C17,155.17405776419216,0.0,0.0
p01_stress_no_expand,osrm,source_collection,GD18,C17_S,C17,172.4190050829694,109.3077,18846.724881907692
p01_stress_no_expand,osrm,source_collection,GD19,C20_S,C20,120.68416312663756,30.5228,3683.618574281733
p01_stress_no_expand,osrm,source_collection,GD20,C20_S,C20,287.3599304541485,0.0,0.0
p01_stress_no_expand,osrm,source_collection,GD21,C17_S,C17,114.94092537117905,99.117,11392.599700015155
p01_stress_no_expand,osrm,collection_echelon,C01_S,P10,P10,713.0089170903956,0.0,0.0
p01_stress_no_expand,osrm,collection_echelon,C02_S,P11,P11,1500.0,0.0,0.0
p01_stress_no_expand,osrm,collection_echelon,C02_S,P14,P14,1500.0,0.0,0.0
p01_stress_no_expand,osrm,collection_echelon,C20_S,P02E,P02E,1127.7810932489083,46.2965,52212.317383598085
p01_stress_no_expand,osrm,collection_recycling,C01_S,P20R,P20R,286.9910829096074,97.7622,28056.879645625624
p01_stress_no_expand,osrm,collection_recycling,C01_S,P21R,P21R,1999.9999999999968,25.4265,50852.99999999992
p01_stress_no_expand,osrm,collection_recycling,C05_S,P21R,P21R,3000.0000000000027,0.0,0.0
p01_stress_no_expand,osrm,collection_recycling,C07_E,P01,P01,300.0000000000027,204.2638,61279.140000000545
p01_stress_no_expand,osrm,collection_recycling,C16_E,P20R,P20R,939.6515861921398,256.1699,240710.45286968182
p01_stress_no_expand,osrm,collection_recycling,C17_S,P20R,P20R,2463.395921528383,0.0,0.0
p01_stress_no_expand,osrm,emergency_outsource,GD06,OUTSOURCE,OUTSOURCE,123.56339903056768,,
p01_stress_expand,osrm,source_collection,GD01,C01_S,C01,3000.0,0.0,0.0
p01_stress_expand,osrm,source_collection,GD01,C17_S,C17,580.0023144104808,97.7622,56702.30226186031
p01_stress_expand,osrm,source_collection,GD02,C02_S,C02,2578.169088995633,0.0,0.0
p01_stress_expand,osrm,source_collection,GD02,C09_S,C09,879.9608062008733,88.19930000000001,77611.92713435269
p01_stress_expand,osrm,source_collection,GD03,C02_S,C02,421.83091100436684,102.1378,43084.88122198182
p01_stress_expand,osrm,source_collection,GD04,C04_E,C04,473.74856158951974,0.0,0.0
p01_stress_expand,osrm,source_collection,GD05,C17_S,C17,916.6634011179038,85.2239,78121.63003053212
p01_stress_expand,osrm,source_collection,GD07,C07_E,C07,149.43082000873372,0.0,0.0
p01_stress_expand,osrm,source_collection,GD08,C07_E,C07,183.9054805938865,138.4445,25460.70230808032
p01_stress_expand,osrm,source_collection,GD09,C09_S,C09,528.7434907598254,0.0,0.0
p01_stress_expand,osrm,source_collection,GD10,C09_S,C09,212.65213747598256,131.9282,28054.813723358922
p01_stress_expand,osrm,source_collection,GD11,C09_S,C09,1054.6077456157204,95.089,100281.59592285324
p01_stress_expand,osrm,source_collection,GD12,C09_S,C09,0.08387895196563022,146.90079999999998,12.321885146912651
p01_stress_expand,osrm,source_collection,GD12,C17_S,C17,807.9302604366809,141.1441,114034.58947210094
p01_stress_expand,osrm,source_collection,GD13,C17_S,C17,252.87003581659388,104.2271,26355.91051005971
p01_stress_expand,osrm,source_collection,GD14,C16_E,C16,143.67234820087336,127.6495,18339.703411667386
p01_stress_expand,osrm,source_collection,GD15,C16_E,C16,428.1682768034935,93.1125,39867.81867386529
p01_stress_expand,osrm,source_collection,GD16,C16_E,C16,367.810961187773,0.0,0.0
p01_stress_expand,osrm,source_collection,GD17,C17_S,C17,155.17405776419216,0.0,0.0
p01_stress_expand,osrm,source_collection,GD18,C17_S,C17,172.4190050829694,109.3077,18846.724881907692
p01_stress_expand,osrm,source_collection,GD19,C04_E,C04,120.68416312663756,40.9946,4947.398993711256
p01_stress_expand,osrm,source_collection,GD20,C04_E,C04,287.3599304541485,46.2965,13303.759020270487
p01_stress_expand,osrm,source_collection,GD21,C17_S,C17,114.94092537117905,99.117,11392.599700015155
p01_stress_expand,osrm,collection_echelon,C01_S,P10,P10,1500.0,0.0,0.0
p01_stress_expand,osrm,collection_echelon,C01_S,P21E,P21E,439.6515861921398,25.4265,11178.801056314443
p01_stress_expand,osrm,collection_echelon,C02_S,P14,P14,1401.1384241471615,0.0,0.0
p01_stress_expand,osrm,collection_echelon,C02_S,P17,P17,1500.0,0.0,0.0
p01_stress_expand,osrm,collection_recycling,C01_S,P20R,P20R,1060.3484138078602,97.7622,103661.9937003668
p01_stress_expand,osrm,collection_recycling,C02_S,P01,P01,98.86157585283854,159.5111,15769.518712019713
p01_stress_expand,osrm,collection_recycling,C04_E,P01,P01,881.7926551703057,178.3081,157230.77293737239
p01_stress_expand,osrm,collection_recycling,C07_E,P01,P01,333.3363006026202,204.2638,68088.5394390335
p01_stress_expand,osrm,collection_recycling,C09_S,P01,P01,2676.048059004367,123.5371,330591.2166700284
p01_stress_expand,osrm,collection_recycling,C16_E,P20R,P20R,939.6515861921398,256.1699,240710.45286968182
p01_stress_expand,osrm,collection_recycling,C17_S,P20R,P20R,3000.0,0.0,0.0
p01_stress_expand,osrm,emergency_outsource,GD06,OUTSOURCE,OUTSOURCE,123.56339903056768,,
p01_stress_expand_full,osrm,source_collection,GD01,C05_S,C05,2083.336598882096,25.4265,52971.95803147562
p01_stress_expand_full,osrm,source_collection,GD01,C17_S,C17,1496.6657155283847,97.7622,146317.33301462905
p01_stress_expand_full,osrm,source_collection,GD02,C02_S,C02,3000.0,0.0,0.0
p01_stress_expand_full,osrm,source_collection,GD02,C11_S,C11,458.12989519650637,74.1049,33949.67007054758
p01_stress_expand_full,osrm,source_collection,GD03,C11_S,C11,421.83091100436684,124.1176,52356.6402796756
p01_stress_expand_full,osrm,source_collection,GD04,C20_S,C20,473.74856158951957,46.2723,21921.435566438726
p01_stress_expand_full,osrm,source_collection,GD05,C05_S,C05,916.6634011179038,0.0,0.0
p01_stress_expand_full,osrm,source_collection,GD07,C07_E,C07,149.4308200087336,0.0,0.0
p01_stress_expand_full,osrm,source_collection,GD08,C07_E,C07,150.5691799912664,138.4445,20845.47483930088
p01_stress_expand_full,osrm,source_collection,GD08,C20_S,C20,33.3363006026201,114.1457,3805.195367696493
p01_stress_expand_full,osrm,source_collection,GD09,C11_S,C11,528.7434907598254,94.6155,50027.32974998625
p01_stress_expand_full,osrm,source_collection,GD10,C20_S,C20,212.65213747598256,127.7243,27160.84540262364
p01_stress_expand_full,osrm,source_collection,GD11,C11_S,C11,1054.6077456157204,0.0,0.0
p01_stress_expand_full,osrm,source_collection,GD12,C11_S,C11,0.08387895196574391,81.4106,6.828635806902391
p01_stress_expand_full,osrm,source_collection,GD12,C17_S,C17,807.9302604366808,141.1441,114034.58947210092
p01_stress_expand_full,osrm,source_collection,GD13,C17_S,C17,252.87003581659388,104.2271,26355.91051005971
p01_stress_expand_full,osrm,source_collection,GD14,C16_E,C16,143.67234820087336,127.6495,18339.703411667386
p01_stress_expand_full,osrm,source_collection,GD15,C16_E,C16,428.1682768034935,93.1125,39867.81867386529
p01_stress_expand_full,osrm,source_collection,GD16,C16_E,C16,367.810961187773,0.0,0.0
p01_stress_expand_full,osrm,source_collection,GD17,C17_S,C17,155.17405776419216,0.0,0.0
p01_stress_expand_full,osrm,source_collection,GD18,C17_S,C17,172.4190050829694,109.3077,18846.724881907692
p01_stress_expand_full,osrm,source_collection,GD19,C20_S,C20,120.68416312663756,30.5228,3683.618574281733
p01_stress_expand_full,osrm,source_collection,GD20,C20_S,C20,287.3599304541485,0.0,0.0
p01_stress_expand_full,osrm,source_collection,GD21,C17_S,C17,114.94092537117905,99.117,11392.599700015155
p01_stress_expand_full,osrm,collection_echelon,C02_S,P14,P14,1500.0,0.0,0.0
p01_stress_expand_full,osrm,collection_echelon,C02_S,P17,P17,1500.0,0.0,0.0
p01_stress_expand_full,osrm,collection_echelon,C11_S,P07,P07,713.0089170903916,0.0,0.0
p01_stress_expand_full,osrm,collection_echelon,C20_S,P02E,P02E,1127.7810932489083,46.2965,52212.317383598085
p01_stress_expand_full,osrm,collection_recycling,C05_S,P21R,P21R,3000.0,0.0,0.0
p01_stress_expand_full,osrm,collection_recycling,C07_E,P01,P01,300.0,204.2638,61279.14
p01_stress_expand_full,osrm,collection_recycling,C11_S,P21R,P21R,1750.3870044379933,82.4602,144337.26246335782
p01_stress_expand_full,osrm,collection_recycling,C16_E,P20R,P20R,939.6515861921398,256.1699,240710.45286968182
p01_stress_expand_full,osrm,collection_recycling,C17_S,P20R,P20R,3000.0,0.0,0.0
p01_stress_expand_full,osrm,emergency_outsource,GD06,OUTSOURCE,OUTSOURCE,123.56339903056768,,
